[    1003ms] [VERBOSE] [DOM] Input elements should have autocomplete attributes (suggested: "current-password"): (More info: https://goo.gl/9p2vKq) %o @ https://billing.tridigitals.com/login:0
[   30279ms] [ERROR] Failed to load resource: the server responded with a status of 404 () @ https://billing.tridigitals.com/api/auth/login:0
[  112628ms] [LOG] [vite] server connection lost. Polling for restart... @ https://billing.tridigitals.com/@vite/client:963
[  112647ms] [ERROR] WebSocket connection to 'wss://billing.tridigitals.com/' failed: Error in connection establishment: net::ERR_CONNECTION_REFUSED @ https://billing.tridigitals.com/@vite/client:1034
[  112749ms] [ERROR] WebSocket connection to 'wss://api-isp-management.tridigitals.com/api/ws' failed: Error in connection establishment: net::ERR_CONNECTION_REFUSED @ https://billing.tridigitals.com/src/lib/stores/websocket.ts:89
[  112749ms] [ERROR] [WS] Error: Event @ https://billing.tridigitals.com/src/lib/stores/websocket.ts:108
[  113651ms] [ERROR] WebSocket connection to 'wss://billing.tridigitals.com/' failed: Error in connection establishment: net::ERR_CONNECTION_REFUSED @ https://billing.tridigitals.com/@vite/client:1034
[  523012ms] [LOG] [vite] server connection lost. Polling for restart... @ https://billing.tridigitals.com/@vite/client:963
[  523033ms] [ERROR] WebSocket connection to 'wss://billing.tridigitals.com/' failed: Error in connection establishment: net::ERR_CONNECTION_REFUSED @ https://billing.tridigitals.com/@vite/client:1034
[  523353ms] [ERROR] WebSocket connection to 'wss://api-isp-management.tridigitals.com/api/ws' failed: Error in connection establishment: net::ERR_CONNECTION_REFUSED @ https://billing.tridigitals.com/src/lib/stores/websocket.ts:89
[  523354ms] [ERROR] [WS] Error: Event @ https://billing.tridigitals.com/src/lib/stores/websocket.ts:108
[  524036ms] [ERROR] WebSocket connection to 'wss://billing.tridigitals.com/' failed: Error in connection establishment: net::ERR_CONNECTION_REFUSED @ https://billing.tridigitals.com/@vite/client:1034
[ 1018583ms] [LOG] [vite] server connection lost. Polling for restart... @ https://billing.tridigitals.com/@vite/client:963
[ 1018612ms] [ERROR] WebSocket connection to 'wss://billing.tridigitals.com/' failed: Error in connection establishment: net::ERR_CONNECTION_REFUSED @ https://billing.tridigitals.com/@vite/client:1034
[ 1018812ms] [ERROR] WebSocket connection to 'wss://api-isp-management.tridigitals.com/api/ws' failed: Error in connection establishment: net::ERR_CONNECTION_REFUSED @ https://billing.tridigitals.com/src/lib/stores/websocket.ts?t=1778165634682:89
[ 1018813ms] [ERROR] [WS] Error: Event @ https://billing.tridigitals.com/src/lib/stores/websocket.ts?t=1778165634682:108
[ 1019616ms] [ERROR] WebSocket connection to 'wss://billing.tridigitals.com/' failed: Error in connection establishment: net::ERR_CONNECTION_REFUSED @ https://billing.tridigitals.com/@vite/client:1034
[ 1400433ms] [LOG] [vite] server connection lost. Polling for restart... @ https://billing.tridigitals.com/@vite/client:963
[ 1400450ms] [ERROR] WebSocket connection to 'wss://billing.tridigitals.com/' failed: Error in connection establishment: net::ERR_CONNECTION_REFUSED @ https://billing.tridigitals.com/@vite/client:1034
[ 1401455ms] [ERROR] WebSocket connection to 'wss://billing.tridigitals.com/' failed: Error in connection establishment: net::ERR_CONNECTION_REFUSED @ https://billing.tridigitals.com/@vite/client:1034
[ 1710062ms] [LOG] [vite] server connection lost. Polling for restart... @ https://billing.tridigitals.com/@vite/client:963
[ 1710081ms] [ERROR] WebSocket connection to 'wss://billing.tridigitals.com/' failed: Error in connection establishment: net::ERR_CONNECTION_REFUSED @ https://billing.tridigitals.com/@vite/client:1034
[ 1710979ms] [ERROR] WebSocket connection to 'wss://api-isp-management.tridigitals.com/api/ws' failed: Error in connection establishment: net::ERR_CONNECTION_REFUSED @ https://billing.tridigitals.com/src/lib/stores/websocket.ts?t=1778165634682:89
[ 1710979ms] [ERROR] [WS] Error: Event @ https://billing.tridigitals.com/src/lib/stores/websocket.ts?t=1778165634682:108
[ 1711084ms] [ERROR] WebSocket connection to 'wss://billing.tridigitals.com/' failed: Error in connection establishment: net::ERR_CONNECTION_REFUSED @ https://billing.tridigitals.com/@vite/client:1034
[ 2020212ms] [LOG] [vite] server connection lost. Polling for restart... @ https://billing.tridigitals.com/@vite/client:963
[ 2020252ms] [ERROR] WebSocket connection to 'wss://billing.tridigitals.com/' failed: Error in connection establishment: net::ERR_CONNECTION_REFUSED @ https://billing.tridigitals.com/@vite/client:1034
[ 2020971ms] [ERROR] WebSocket connection to 'wss://api-isp-management.tridigitals.com/api/ws' failed: Error in connection establishment: net::ERR_CONNECTION_REFUSED @ https://billing.tridigitals.com/src/lib/stores/websocket.ts?t=1778165634682:89
[ 2020971ms] [ERROR] [WS] Error: Event @ https://billing.tridigitals.com/src/lib/stores/websocket.ts?t=1778165634682:108
[ 2021260ms] [ERROR] WebSocket connection to 'wss://billing.tridigitals.com/' failed: Error in connection establishment: net::ERR_CONNECTION_REFUSED @ https://billing.tridigitals.com/@vite/client:1034
[ 2321439ms] [LOG] [vite] server connection lost. Polling for restart... @ https://billing.tridigitals.com/@vite/client:963
[ 2321479ms] [ERROR] WebSocket connection to 'wss://billing.tridigitals.com/' failed: Error in connection establishment: net::ERR_CONNECTION_REFUSED @ https://billing.tridigitals.com/@vite/client:1034
[ 2322487ms] [ERROR] WebSocket connection to 'wss://billing.tridigitals.com/' failed: Error in connection establishment: net::ERR_CONNECTION_REFUSED @ https://billing.tridigitals.com/@vite/client:1034
[ 2721561ms] [LOG] [vite] server connection lost. Polling for restart... @ https://billing.tridigitals.com/@vite/client:963
[ 2721589ms] [ERROR] WebSocket connection to 'wss://billing.tridigitals.com/' failed: Error in connection establishment: net::ERR_CONNECTION_REFUSED @ https://billing.tridigitals.com/@vite/client:1034
[ 2722245ms] [ERROR] WebSocket connection to 'wss://api-isp-management.tridigitals.com/api/ws' failed: Error in connection establishment: net::ERR_CONNECTION_REFUSED @ https://billing.tridigitals.com/src/lib/stores/websocket.ts?t=1778165634682:89
[ 2722246ms] [ERROR] [WS] Error: Event @ https://billing.tridigitals.com/src/lib/stores/websocket.ts?t=1778165634682:108
[ 2722593ms] [ERROR] WebSocket connection to 'wss://billing.tridigitals.com/' failed: Error in connection establishment: net::ERR_CONNECTION_REFUSED @ https://billing.tridigitals.com/@vite/client:1034
[ 3023802ms] [LOG] [vite] server connection lost. Polling for restart... @ https://billing.tridigitals.com/@vite/client:963
[ 3023820ms] [ERROR] WebSocket connection to 'wss://billing.tridigitals.com/' failed: Error in connection establishment: net::ERR_CONNECTION_REFUSED @ https://billing.tridigitals.com/@vite/client:1034
[ 3024714ms] [ERROR] Failed to load resource: net::ERR_CONNECTION_REFUSED @ https://api-isp-management.tridigitals.com/api/auth/validate:0
[ 3024715ms] [ERROR] API Error (validate_token): TypeError: Failed to fetch
    at window.fetch (https://billing.tridigitals.com/node_modules/@sveltejs/kit/src/runtime/client/fetcher.js?v=a1ff02f4:66:10)
    at safeInvoke (https://billing.tridigitals.com/src/lib/api/core.ts:655:26)
    at Object.validateToken (https://billing.tridigitals.com/src/lib/api/auth.ts:8:29)
    at run (https://billing.tridigitals.com/src/lib/stores/auth.ts:208:32)
    at async Module.track_reactivity_loss (https://billing.tridigitals.com/node_modules/.vite/deps/chunk-EUQQR2VU.js?v=a1ff02f4:1642:15)
    at async keepSessionAliveIfActive (https://billing.tridigitals.com/src/routes/+layout.svelte?t=1778165634682:135:5) @ https://billing.tridigitals.com/src/lib/api/core.ts:726
[ 3024823ms] [ERROR] WebSocket connection to 'wss://billing.tridigitals.com/' failed: Error in connection establishment: net::ERR_CONNECTION_REFUSED @ https://billing.tridigitals.com/@vite/client:1034
[ 3367505ms] [LOG] [vite] server connection lost. Polling for restart... @ https://billing.tridigitals.com/@vite/client:963
[ 3367532ms] [ERROR] WebSocket connection to 'wss://billing.tridigitals.com/' failed: Error in connection establishment: net::ERR_CONNECTION_REFUSED @ https://billing.tridigitals.com/@vite/client:1034
[ 3368538ms] [ERROR] WebSocket connection to 'wss://billing.tridigitals.com/' failed: Error in connection establishment: net::ERR_CONNECTION_REFUSED @ https://billing.tridigitals.com/@vite/client:1034
[ 3677969ms] [LOG] [vite] server connection lost. Polling for restart... @ https://billing.tridigitals.com/@vite/client:963
[ 3678005ms] [ERROR] WebSocket connection to 'wss://billing.tridigitals.com/' failed: Error in connection establishment: net::ERR_CONNECTION_REFUSED @ https://billing.tridigitals.com/@vite/client:1034
[ 3678235ms] [ERROR] WebSocket connection to 'wss://api-isp-management.tridigitals.com/api/ws' failed: Error in connection establishment: net::ERR_CONNECTION_REFUSED @ https://billing.tridigitals.com/src/lib/stores/websocket.ts?t=1778165634682:89
[ 3678236ms] [ERROR] [WS] Error: Event @ https://billing.tridigitals.com/src/lib/stores/websocket.ts?t=1778165634682:108
[ 3679009ms] [ERROR] WebSocket connection to 'wss://billing.tridigitals.com/' failed: Error in connection establishment: net::ERR_CONNECTION_REFUSED @ https://billing.tridigitals.com/@vite/client:1034
[ 3979409ms] [LOG] [vite] server connection lost. Polling for restart... @ https://billing.tridigitals.com/@vite/client:963
[ 3979447ms] [ERROR] WebSocket connection to 'wss://billing.tridigitals.com/' failed: Error in connection establishment: net::ERR_CONNECTION_REFUSED @ https://billing.tridigitals.com/@vite/client:1034
[ 3980451ms] [ERROR] WebSocket connection to 'wss://billing.tridigitals.com/' failed: Error in connection establishment: net::ERR_CONNECTION_REFUSED @ https://billing.tridigitals.com/@vite/client:1034
[ 4379186ms] [LOG] [vite] server connection lost. Polling for restart... @ https://billing.tridigitals.com/@vite/client:963
[ 4379230ms] [ERROR] WebSocket connection to 'wss://billing.tridigitals.com/' failed: Error in connection establishment: net::ERR_CONNECTION_REFUSED @ https://billing.tridigitals.com/@vite/client:1034
[ 4380233ms] [ERROR] WebSocket connection to 'wss://billing.tridigitals.com/' failed: Error in connection establishment: net::ERR_CONNECTION_REFUSED @ https://billing.tridigitals.com/@vite/client:1034
[ 4684297ms] [LOG] [vite] server connection lost. Polling for restart... @ https://billing.tridigitals.com/@vite/client:963
[ 4684331ms] [ERROR] WebSocket connection to 'wss://billing.tridigitals.com/' failed: Error in connection establishment: net::ERR_CONNECTION_REFUSED @ https://billing.tridigitals.com/@vite/client:1034
[ 4685097ms] [ERROR] WebSocket connection to 'wss://api-isp-management.tridigitals.com/api/ws' failed: Error in connection establishment: net::ERR_CONNECTION_REFUSED @ https://billing.tridigitals.com/src/lib/stores/websocket.ts?t=1778165634682:89
[ 4685098ms] [ERROR] [WS] Error: Event @ https://billing.tridigitals.com/src/lib/stores/websocket.ts?t=1778165634682:108
[ 4685336ms] [ERROR] WebSocket connection to 'wss://billing.tridigitals.com/' failed: Error in connection establishment: net::ERR_CONNECTION_REFUSED @ https://billing.tridigitals.com/@vite/client:1034
[ 4989286ms] [LOG] [vite] server connection lost. Polling for restart... @ https://billing.tridigitals.com/@vite/client:963
[ 4989336ms] [ERROR] WebSocket connection to 'wss://billing.tridigitals.com/' failed: Error in connection establishment: net::ERR_CONNECTION_REFUSED @ https://billing.tridigitals.com/@vite/client:1034
[ 4989990ms] [ERROR] WebSocket connection to 'wss://api-isp-management.tridigitals.com/api/ws' failed: Error in connection establishment: net::ERR_CONNECTION_REFUSED @ https://billing.tridigitals.com/src/lib/stores/websocket.ts?t=1778165634682:89
[ 4989990ms] [ERROR] [WS] Error: Event @ https://billing.tridigitals.com/src/lib/stores/websocket.ts?t=1778165634682:108
[ 4990340ms] [ERROR] WebSocket connection to 'wss://billing.tridigitals.com/' failed: Error in connection establishment: net::ERR_CONNECTION_REFUSED @ https://billing.tridigitals.com/@vite/client:1034
[ 5312404ms] [LOG] [vite] server connection lost. Polling for restart... @ https://billing.tridigitals.com/@vite/client:963
[ 5312448ms] [ERROR] WebSocket connection to 'wss://billing.tridigitals.com/' failed: Error in connection establishment: net::ERR_CONNECTION_REFUSED @ https://billing.tridigitals.com/@vite/client:1034
[ 5312706ms] [ERROR] WebSocket connection to 'wss://api-isp-management.tridigitals.com/api/ws' failed: Error in connection establishment: net::ERR_CONNECTION_REFUSED @ https://billing.tridigitals.com/src/lib/stores/websocket.ts?t=1778165634682:89
[ 5312706ms] [ERROR] [WS] Error: Event @ https://billing.tridigitals.com/src/lib/stores/websocket.ts?t=1778165634682:108
[ 5619855ms] [LOG] [vite] server connection lost. Polling for restart... @ https://billing.tridigitals.com/@vite/client:963
[ 5619891ms] [ERROR] WebSocket connection to 'wss://billing.tridigitals.com/' failed: Error in connection establishment: net::ERR_CONNECTION_REFUSED @ https://billing.tridigitals.com/@vite/client:1034
[ 5620895ms] [ERROR] WebSocket connection to 'wss://billing.tridigitals.com/' failed: Error in connection establishment: net::ERR_CONNECTION_REFUSED @ https://billing.tridigitals.com/@vite/client:1034
[ 6018098ms] [ERROR] WebSocket connection to 'wss://api-isp-management.tridigitals.com/api/ws' failed: Error during WebSocket handshake: Unexpected response code: 502 @ https://billing.tridigitals.com/src/lib/stores/websocket.ts?t=1778165634682:89
[ 6018098ms] [ERROR] [WS] Error: Event @ https://billing.tridigitals.com/src/lib/stores/websocket.ts?t=1778165634682:108
[ 6020592ms] [ERROR] WebSocket connection to 'wss://api-isp-management.tridigitals.com/api/ws' failed: Error during WebSocket handshake: Unexpected response code: 502 @ https://billing.tridigitals.com/src/lib/stores/websocket.ts?t=1778165634682:89
[ 6020592ms] [ERROR] [WS] Error: Event @ https://billing.tridigitals.com/src/lib/stores/websocket.ts?t=1778165634682:108
[ 6023092ms] [ERROR] WebSocket connection to 'wss://api-isp-management.tridigitals.com/api/ws' failed: Error during WebSocket handshake: Unexpected response code: 502 @ https://billing.tridigitals.com/src/lib/stores/websocket.ts?t=1778165634682:89
[ 6023092ms] [ERROR] [WS] Error: Event @ https://billing.tridigitals.com/src/lib/stores/websocket.ts?t=1778165634682:108
[ 6025592ms] [ERROR] WebSocket connection to 'wss://api-isp-management.tridigitals.com/api/ws' failed: Error during WebSocket handshake: Unexpected response code: 502 @ https://billing.tridigitals.com/src/lib/stores/websocket.ts?t=1778165634682:89
[ 6025592ms] [ERROR] [WS] Error: Event @ https://billing.tridigitals.com/src/lib/stores/websocket.ts?t=1778165634682:108
[ 6028092ms] [ERROR] WebSocket connection to 'wss://api-isp-management.tridigitals.com/api/ws' failed: Error during WebSocket handshake: Unexpected response code: 502 @ https://billing.tridigitals.com/src/lib/stores/websocket.ts?t=1778165634682:89
[ 6028092ms] [ERROR] [WS] Error: Event @ https://billing.tridigitals.com/src/lib/stores/websocket.ts?t=1778165634682:108
[ 6030592ms] [ERROR] WebSocket connection to 'wss://api-isp-management.tridigitals.com/api/ws' failed: Error during WebSocket handshake: Unexpected response code: 502 @ https://billing.tridigitals.com/src/lib/stores/websocket.ts?t=1778165634682:89
[ 6030593ms] [ERROR] [WS] Error: Event @ https://billing.tridigitals.com/src/lib/stores/websocket.ts?t=1778165634682:108
[ 6033098ms] [ERROR] WebSocket connection to 'wss://api-isp-management.tridigitals.com/api/ws' failed: Error during WebSocket handshake: Unexpected response code: 502 @ https://billing.tridigitals.com/src/lib/stores/websocket.ts?t=1778165634682:89
[ 6033098ms] [ERROR] [WS] Error: Event @ https://billing.tridigitals.com/src/lib/stores/websocket.ts?t=1778165634682:108
[ 6035593ms] [ERROR] WebSocket connection to 'wss://api-isp-management.tridigitals.com/api/ws' failed: Error during WebSocket handshake: Unexpected response code: 502 @ https://billing.tridigitals.com/src/lib/stores/websocket.ts?t=1778165634682:89
[ 6035593ms] [ERROR] [WS] Error: Event @ https://billing.tridigitals.com/src/lib/stores/websocket.ts?t=1778165634682:108
[ 6038094ms] [ERROR] WebSocket connection to 'wss://api-isp-management.tridigitals.com/api/ws' failed: Error during WebSocket handshake: Unexpected response code: 502 @ https://billing.tridigitals.com/src/lib/stores/websocket.ts?t=1778165634682:89
[ 6038094ms] [ERROR] [WS] Error: Event @ https://billing.tridigitals.com/src/lib/stores/websocket.ts?t=1778165634682:108
[ 6040596ms] [ERROR] WebSocket connection to 'wss://api-isp-management.tridigitals.com/api/ws' failed: Error during WebSocket handshake: Unexpected response code: 502 @ https://billing.tridigitals.com/src/lib/stores/websocket.ts?t=1778165634682:89
[ 6040596ms] [ERROR] [WS] Error: Event @ https://billing.tridigitals.com/src/lib/stores/websocket.ts?t=1778165634682:108
[ 6042932ms] [ERROR] Access to fetch at 'https://api-isp-management.tridigitals.com/api/auth/validate' from origin 'https://billing.tridigitals.com' has been blocked by CORS policy: Response to preflight request doesn't pass access control check: No 'Access-Control-Allow-Origin' header is present on the requested resource. @ https://billing.tridigitals.com/notifications:0
[ 6042933ms] [ERROR] Failed to load resource: net::ERR_FAILED @ https://api-isp-management.tridigitals.com/api/auth/validate:0
[ 6042934ms] [ERROR] API Error (validate_token): TypeError: Failed to fetch
    at window.fetch (https://billing.tridigitals.com/node_modules/@sveltejs/kit/src/runtime/client/fetcher.js?v=a1ff02f4:66:10)
    at safeInvoke (https://billing.tridigitals.com/src/lib/api/core.ts:655:26)
    at Object.validateToken (https://billing.tridigitals.com/src/lib/api/auth.ts:8:29)
    at run (https://billing.tridigitals.com/src/lib/stores/auth.ts:208:32)
    at async Module.track_reactivity_loss (https://billing.tridigitals.com/node_modules/.vite/deps/chunk-EUQQR2VU.js?v=a1ff02f4:1642:15)
    at async keepSessionAliveIfActive (https://billing.tridigitals.com/src/routes/+layout.svelte?t=1778165634682:135:5) @ https://billing.tridigitals.com/src/lib/api/core.ts:726
[ 6043132ms] [ERROR] WebSocket connection to 'wss://api-isp-management.tridigitals.com/api/ws' failed: Error during WebSocket handshake: Unexpected response code: 502 @ https://billing.tridigitals.com/src/lib/stores/websocket.ts?t=1778165634682:89
[ 6043132ms] [ERROR] [WS] Error: Event @ https://billing.tridigitals.com/src/lib/stores/websocket.ts?t=1778165634682:108
[ 6045594ms] [ERROR] WebSocket connection to 'wss://api-isp-management.tridigitals.com/api/ws' failed: Error during WebSocket handshake: Unexpected response code: 502 @ https://billing.tridigitals.com/src/lib/stores/websocket.ts?t=1778165634682:89
[ 6045594ms] [ERROR] [WS] Error: Event @ https://billing.tridigitals.com/src/lib/stores/websocket.ts?t=1778165634682:108
[ 6048094ms] [ERROR] WebSocket connection to 'wss://api-isp-management.tridigitals.com/api/ws' failed: Error during WebSocket handshake: Unexpected response code: 502 @ https://billing.tridigitals.com/src/lib/stores/websocket.ts?t=1778165634682:89
[ 6048094ms] [ERROR] [WS] Error: Event @ https://billing.tridigitals.com/src/lib/stores/websocket.ts?t=1778165634682:108
[ 6050600ms] [ERROR] WebSocket connection to 'wss://api-isp-management.tridigitals.com/api/ws' failed: Error during WebSocket handshake: Unexpected response code: 502 @ https://billing.tridigitals.com/src/lib/stores/websocket.ts?t=1778165634682:89
[ 6050600ms] [ERROR] [WS] Error: Event @ https://billing.tridigitals.com/src/lib/stores/websocket.ts?t=1778165634682:108
[ 6053105ms] [ERROR] WebSocket connection to 'wss://api-isp-management.tridigitals.com/api/ws' failed: Error during WebSocket handshake: Unexpected response code: 502 @ https://billing.tridigitals.com/src/lib/stores/websocket.ts?t=1778165634682:89
[ 6053105ms] [ERROR] [WS] Error: Event @ https://billing.tridigitals.com/src/lib/stores/websocket.ts?t=1778165634682:108
[ 6055602ms] [ERROR] WebSocket connection to 'wss://api-isp-management.tridigitals.com/api/ws' failed: Error during WebSocket handshake: Unexpected response code: 502 @ https://billing.tridigitals.com/src/lib/stores/websocket.ts?t=1778165634682:89
[ 6055602ms] [ERROR] [WS] Error: Event @ https://billing.tridigitals.com/src/lib/stores/websocket.ts?t=1778165634682:108
[ 6058121ms] [ERROR] WebSocket connection to 'wss://api-isp-management.tridigitals.com/api/ws' failed: Error during WebSocket handshake: Unexpected response code: 502 @ https://billing.tridigitals.com/src/lib/stores/websocket.ts?t=1778165634682:89
[ 6058122ms] [ERROR] [WS] Error: Event @ https://billing.tridigitals.com/src/lib/stores/websocket.ts?t=1778165634682:108
[ 6060604ms] [ERROR] WebSocket connection to 'wss://api-isp-management.tridigitals.com/api/ws' failed: Error during WebSocket handshake: Unexpected response code: 502 @ https://billing.tridigitals.com/src/lib/stores/websocket.ts?t=1778165634682:89
[ 6060605ms] [ERROR] [WS] Error: Event @ https://billing.tridigitals.com/src/lib/stores/websocket.ts?t=1778165634682:108
[ 6063165ms] [ERROR] WebSocket connection to 'wss://api-isp-management.tridigitals.com/api/ws' failed: Error during WebSocket handshake: Unexpected response code: 502 @ https://billing.tridigitals.com/src/lib/stores/websocket.ts?t=1778165634682:89
[ 6063165ms] [ERROR] [WS] Error: Event @ https://billing.tridigitals.com/src/lib/stores/websocket.ts?t=1778165634682:108
[ 6065642ms] [ERROR] WebSocket connection to 'wss://api-isp-management.tridigitals.com/api/ws' failed: Error during WebSocket handshake: Unexpected response code: 502 @ https://billing.tridigitals.com/src/lib/stores/websocket.ts?t=1778165634682:89
[ 6065642ms] [ERROR] [WS] Error: Event @ https://billing.tridigitals.com/src/lib/stores/websocket.ts?t=1778165634682:108
[ 6068145ms] [ERROR] WebSocket connection to 'wss://api-isp-management.tridigitals.com/api/ws' failed: Error during WebSocket handshake: Unexpected response code: 502 @ https://billing.tridigitals.com/src/lib/stores/websocket.ts?t=1778165634682:89
[ 6068146ms] [ERROR] [WS] Error: Event @ https://billing.tridigitals.com/src/lib/stores/websocket.ts?t=1778165634682:108
[ 6070624ms] [ERROR] WebSocket connection to 'wss://api-isp-management.tridigitals.com/api/ws' failed: Error during WebSocket handshake: Unexpected response code: 502 @ https://billing.tridigitals.com/src/lib/stores/websocket.ts?t=1778165634682:89
[ 6070625ms] [ERROR] [WS] Error: Event @ https://billing.tridigitals.com/src/lib/stores/websocket.ts?t=1778165634682:108
[ 6073248ms] [ERROR] WebSocket connection to 'wss://api-isp-management.tridigitals.com/api/ws' failed: Error during WebSocket handshake: Unexpected response code: 502 @ https://billing.tridigitals.com/src/lib/stores/websocket.ts?t=1778165634682:89
[ 6073248ms] [ERROR] [WS] Error: Event @ https://billing.tridigitals.com/src/lib/stores/websocket.ts?t=1778165634682:108
[ 6075704ms] [ERROR] WebSocket connection to 'wss://api-isp-management.tridigitals.com/api/ws' failed: Error during WebSocket handshake: Unexpected response code: 502 @ https://billing.tridigitals.com/src/lib/stores/websocket.ts?t=1778165634682:89
[ 6075705ms] [ERROR] [WS] Error: Event @ https://billing.tridigitals.com/src/lib/stores/websocket.ts?t=1778165634682:108
[ 6078285ms] [ERROR] WebSocket connection to 'wss://api-isp-management.tridigitals.com/api/ws' failed: Error during WebSocket handshake: Unexpected response code: 502 @ https://billing.tridigitals.com/src/lib/stores/websocket.ts?t=1778165634682:89
[ 6078286ms] [ERROR] [WS] Error: Event @ https://billing.tridigitals.com/src/lib/stores/websocket.ts?t=1778165634682:108
[ 6080952ms] [ERROR] WebSocket connection to 'wss://api-isp-management.tridigitals.com/api/ws' failed: Error during WebSocket handshake: Unexpected response code: 502 @ https://billing.tridigitals.com/src/lib/stores/websocket.ts?t=1778165634682:89
[ 6080952ms] [ERROR] [WS] Error: Event @ https://billing.tridigitals.com/src/lib/stores/websocket.ts?t=1778165634682:108
[ 6084103ms] [ERROR] WebSocket connection to 'wss://api-isp-management.tridigitals.com/api/ws' failed: Error during WebSocket handshake: Unexpected response code: 502 @ https://billing.tridigitals.com/src/lib/stores/websocket.ts?t=1778165634682:89
[ 6084103ms] [ERROR] [WS] Error: Event @ https://billing.tridigitals.com/src/lib/stores/websocket.ts?t=1778165634682:108
[ 6086040ms] [ERROR] WebSocket connection to 'wss://api-isp-management.tridigitals.com/api/ws' failed: Error during WebSocket handshake: Unexpected response code: 502 @ https://billing.tridigitals.com/src/lib/stores/websocket.ts?t=1778165634682:89
[ 6086040ms] [ERROR] [WS] Error: Event @ https://billing.tridigitals.com/src/lib/stores/websocket.ts?t=1778165634682:108
[ 6090201ms] [ERROR] WebSocket connection to 'wss://api-isp-management.tridigitals.com/api/ws' failed: Error during WebSocket handshake: Unexpected response code: 502 @ https://billing.tridigitals.com/src/lib/stores/websocket.ts?t=1778165634682:89
[ 6090201ms] [ERROR] [WS] Error: Event @ https://billing.tridigitals.com/src/lib/stores/websocket.ts?t=1778165634682:108
[ 6092884ms] [ERROR] WebSocket connection to 'wss://api-isp-management.tridigitals.com/api/ws' failed: Error during WebSocket handshake: Unexpected response code: 502 @ https://billing.tridigitals.com/src/lib/stores/websocket.ts?t=1778165634682:89
[ 6092884ms] [ERROR] [WS] Error: Event @ https://billing.tridigitals.com/src/lib/stores/websocket.ts?t=1778165634682:108
[ 6094398ms] [ERROR] WebSocket connection to 'wss://api-isp-management.tridigitals.com/api/ws' failed: Error during WebSocket handshake: Unexpected response code: 502 @ https://billing.tridigitals.com/src/lib/stores/websocket.ts?t=1778165634682:89
[ 6094399ms] [ERROR] [WS] Error: Event @ https://billing.tridigitals.com/src/lib/stores/websocket.ts?t=1778165634682:108
[ 6097502ms] [ERROR] WebSocket connection to 'wss://api-isp-management.tridigitals.com/api/ws' failed: Error during WebSocket handshake: Unexpected response code: 502 @ https://billing.tridigitals.com/src/lib/stores/websocket.ts?t=1778165634682:89
[ 6097502ms] [ERROR] [WS] Error: Event @ https://billing.tridigitals.com/src/lib/stores/websocket.ts?t=1778165634682:108
[ 6101854ms] [ERROR] WebSocket connection to 'wss://api-isp-management.tridigitals.com/api/ws' failed: Error during WebSocket handshake: Unexpected response code: 502 @ https://billing.tridigitals.com/src/lib/stores/websocket.ts?t=1778165634682:89
[ 6101854ms] [ERROR] [WS] Error: Event @ https://billing.tridigitals.com/src/lib/stores/websocket.ts?t=1778165634682:108
[ 6102930ms] [ERROR] Access to fetch at 'https://api-isp-management.tridigitals.com/api/auth/validate' from origin 'https://billing.tridigitals.com' has been blocked by CORS policy: Response to preflight request doesn't pass access control check: No 'Access-Control-Allow-Origin' header is present on the requested resource. @ https://billing.tridigitals.com/notifications:0
[ 6102931ms] [ERROR] Failed to load resource: net::ERR_FAILED @ https://api-isp-management.tridigitals.com/api/auth/validate:0
[ 6102932ms] [ERROR] API Error (validate_token): TypeError: Failed to fetch
    at window.fetch (https://billing.tridigitals.com/node_modules/@sveltejs/kit/src/runtime/client/fetcher.js?v=a1ff02f4:66:10)
    at safeInvoke (https://billing.tridigitals.com/src/lib/api/core.ts:655:26)
    at Object.validateToken (https://billing.tridigitals.com/src/lib/api/auth.ts:8:29)
    at run (https://billing.tridigitals.com/src/lib/stores/auth.ts:208:32)
    at async Module.track_reactivity_loss (https://billing.tridigitals.com/node_modules/.vite/deps/chunk-EUQQR2VU.js?v=a1ff02f4:1642:15)
    at async keepSessionAliveIfActive (https://billing.tridigitals.com/src/routes/+layout.svelte?t=1778165634682:135:5) @ https://billing.tridigitals.com/src/lib/api/core.ts:726
[ 6104827ms] [ERROR] WebSocket connection to 'wss://api-isp-management.tridigitals.com/api/ws' failed: Error during WebSocket handshake: Unexpected response code: 502 @ https://billing.tridigitals.com/src/lib/stores/websocket.ts?t=1778165634682:89
[ 6104828ms] [ERROR] [WS] Error: Event @ https://billing.tridigitals.com/src/lib/stores/websocket.ts?t=1778165634682:108
[ 6106748ms] [ERROR] WebSocket connection to 'wss://api-isp-management.tridigitals.com/api/ws' failed: Error during WebSocket handshake: Unexpected response code: 502 @ https://billing.tridigitals.com/src/lib/stores/websocket.ts?t=1778165634682:89
[ 6106749ms] [ERROR] [WS] Error: Event @ https://billing.tridigitals.com/src/lib/stores/websocket.ts?t=1778165634682:108
[ 6110267ms] [ERROR] WebSocket connection to 'wss://api-isp-management.tridigitals.com/api/ws' failed: Error during WebSocket handshake: Unexpected response code: 502 @ https://billing.tridigitals.com/src/lib/stores/websocket.ts?t=1778165634682:89
[ 6110268ms] [ERROR] [WS] Error: Event @ https://billing.tridigitals.com/src/lib/stores/websocket.ts?t=1778165634682:108
[ 6112566ms] [ERROR] WebSocket connection to 'wss://api-isp-management.tridigitals.com/api/ws' failed: Error during WebSocket handshake: Unexpected response code: 502 @ https://billing.tridigitals.com/src/lib/stores/websocket.ts?t=1778165634682:89
[ 6112566ms] [ERROR] [WS] Error: Event @ https://billing.tridigitals.com/src/lib/stores/websocket.ts?t=1778165634682:108
[ 6114780ms] [ERROR] WebSocket connection to 'wss://api-isp-management.tridigitals.com/api/ws' failed: Error during WebSocket handshake: Unexpected response code: 502 @ https://billing.tridigitals.com/src/lib/stores/websocket.ts?t=1778165634682:89
[ 6114781ms] [ERROR] [WS] Error: Event @ https://billing.tridigitals.com/src/lib/stores/websocket.ts?t=1778165634682:108
[ 6118335ms] [ERROR] WebSocket connection to 'wss://api-isp-management.tridigitals.com/api/ws' failed: Error during WebSocket handshake: Unexpected response code: 502 @ https://billing.tridigitals.com/src/lib/stores/websocket.ts?t=1778165634682:89
[ 6118335ms] [ERROR] [WS] Error: Event @ https://billing.tridigitals.com/src/lib/stores/websocket.ts?t=1778165634682:108
[ 6124553ms] [ERROR] WebSocket connection to 'wss://api-isp-management.tridigitals.com/api/ws' failed: Error during WebSocket handshake: Unexpected response code: 502 @ https://billing.tridigitals.com/src/lib/stores/websocket.ts?t=1778165634682:89
[ 6124553ms] [ERROR] [WS] Error: Event @ https://billing.tridigitals.com/src/lib/stores/websocket.ts?t=1778165634682:108
[ 6130076ms] [ERROR] WebSocket connection to 'wss://api-isp-management.tridigitals.com/api/ws' failed: Error during WebSocket handshake: Unexpected response code: 502 @ https://billing.tridigitals.com/src/lib/stores/websocket.ts?t=1778165634682:89
[ 6130077ms] [ERROR] [WS] Error: Event @ https://billing.tridigitals.com/src/lib/stores/websocket.ts?t=1778165634682:108
[ 6133373ms] [ERROR] WebSocket connection to 'wss://api-isp-management.tridigitals.com/api/ws' failed: Error during WebSocket handshake: Unexpected response code: 502 @ https://billing.tridigitals.com/src/lib/stores/websocket.ts?t=1778165634682:89
[ 6133373ms] [ERROR] [WS] Error: Event @ https://billing.tridigitals.com/src/lib/stores/websocket.ts?t=1778165634682:108
[ 6136908ms] [ERROR] WebSocket connection to 'wss://api-isp-management.tridigitals.com/api/ws' failed: Error during WebSocket handshake: Unexpected response code: 502 @ https://billing.tridigitals.com/src/lib/stores/websocket.ts?t=1778165634682:89
[ 6136909ms] [ERROR] [WS] Error: Event @ https://billing.tridigitals.com/src/lib/stores/websocket.ts?t=1778165634682:108
[ 6139644ms] [ERROR] WebSocket connection to 'wss://api-isp-management.tridigitals.com/api/ws' failed: Error during WebSocket handshake: Unexpected response code: 502 @ https://billing.tridigitals.com/src/lib/stores/websocket.ts?t=1778165634682:89
[ 6139645ms] [ERROR] [WS] Error: Event @ https://billing.tridigitals.com/src/lib/stores/websocket.ts?t=1778165634682:108
[ 6144415ms] [ERROR] WebSocket connection to 'wss://api-isp-management.tridigitals.com/api/ws' failed: Error during WebSocket handshake: Unexpected response code: 502 @ https://billing.tridigitals.com/src/lib/stores/websocket.ts?t=1778165634682:89
[ 6144415ms] [ERROR] [WS] Error: Event @ https://billing.tridigitals.com/src/lib/stores/websocket.ts?t=1778165634682:108
[ 6148169ms] [ERROR] WebSocket connection to 'wss://api-isp-management.tridigitals.com/api/ws' failed: Error during WebSocket handshake: Unexpected response code: 502 @ https://billing.tridigitals.com/src/lib/stores/websocket.ts?t=1778165634682:89
[ 6148170ms] [ERROR] [WS] Error: Event @ https://billing.tridigitals.com/src/lib/stores/websocket.ts?t=1778165634682:108
[ 6152896ms] [ERROR] WebSocket connection to 'wss://api-isp-management.tridigitals.com/api/ws' failed: Error during WebSocket handshake: Unexpected response code: 502 @ https://billing.tridigitals.com/src/lib/stores/websocket.ts?t=1778165634682:89
[ 6152897ms] [ERROR] [WS] Error: Event @ https://billing.tridigitals.com/src/lib/stores/websocket.ts?t=1778165634682:108
[ 6154147ms] [ERROR] WebSocket connection to 'wss://api-isp-management.tridigitals.com/api/ws' failed: Error during WebSocket handshake: Unexpected response code: 502 @ https://billing.tridigitals.com/src/lib/stores/websocket.ts?t=1778165634682:89
[ 6154150ms] [ERROR] [WS] Error: Event @ https://billing.tridigitals.com/src/lib/stores/websocket.ts?t=1778165634682:108
[ 6160077ms] [ERROR] WebSocket connection to 'wss://api-isp-management.tridigitals.com/api/ws' failed: Error during WebSocket handshake: Unexpected response code: 502 @ https://billing.tridigitals.com/src/lib/stores/websocket.ts?t=1778165634682:89
[ 6160077ms] [ERROR] [WS] Error: Event @ https://billing.tridigitals.com/src/lib/stores/websocket.ts?t=1778165634682:108
[ 6161637ms] [ERROR] WebSocket connection to 'wss://api-isp-management.tridigitals.com/api/ws' failed: Error during WebSocket handshake: Unexpected response code: 502 @ https://billing.tridigitals.com/src/lib/stores/websocket.ts?t=1778165634682:89
[ 6161639ms] [ERROR] [WS] Error: Event @ https://billing.tridigitals.com/src/lib/stores/websocket.ts?t=1778165634682:108
[ 6162934ms] [ERROR] Access to fetch at 'https://api-isp-management.tridigitals.com/api/auth/validate' from origin 'https://billing.tridigitals.com' has been blocked by CORS policy: Response to preflight request doesn't pass access control check: No 'Access-Control-Allow-Origin' header is present on the requested resource. @ https://billing.tridigitals.com/notifications:0
[ 6162934ms] [ERROR] Failed to load resource: net::ERR_FAILED @ https://api-isp-management.tridigitals.com/api/auth/validate:0
[ 6162935ms] [ERROR] API Error (validate_token): TypeError: Failed to fetch
    at window.fetch (https://billing.tridigitals.com/node_modules/@sveltejs/kit/src/runtime/client/fetcher.js?v=a1ff02f4:66:10)
    at safeInvoke (https://billing.tridigitals.com/src/lib/api/core.ts:655:26)
    at Object.validateToken (https://billing.tridigitals.com/src/lib/api/auth.ts:8:29)
    at run (https://billing.tridigitals.com/src/lib/stores/auth.ts:208:32)
    at async Module.track_reactivity_loss (https://billing.tridigitals.com/node_modules/.vite/deps/chunk-EUQQR2VU.js?v=a1ff02f4:1642:15)
    at async keepSessionAliveIfActive (https://billing.tridigitals.com/src/routes/+layout.svelte?t=1778165634682:135:5) @ https://billing.tridigitals.com/src/lib/api/core.ts:726
[ 6167331ms] [ERROR] WebSocket connection to 'wss://api-isp-management.tridigitals.com/api/ws' failed: Error during WebSocket handshake: Unexpected response code: 502 @ https://billing.tridigitals.com/src/lib/stores/websocket.ts?t=1778165634682:89
[ 6167331ms] [ERROR] [WS] Error: Event @ https://billing.tridigitals.com/src/lib/stores/websocket.ts?t=1778165634682:108
[ 6170705ms] [ERROR] WebSocket connection to 'wss://api-isp-management.tridigitals.com/api/ws' failed: Error during WebSocket handshake: Unexpected response code: 502 @ https://billing.tridigitals.com/src/lib/stores/websocket.ts?t=1778165634682:89
[ 6170705ms] [ERROR] [WS] Error: Event @ https://billing.tridigitals.com/src/lib/stores/websocket.ts?t=1778165634682:108
[ 6177585ms] [ERROR] WebSocket connection to 'wss://api-isp-management.tridigitals.com/api/ws' failed: Error during WebSocket handshake: Unexpected response code: 502 @ https://billing.tridigitals.com/src/lib/stores/websocket.ts?t=1778165634682:89
[ 6177585ms] [ERROR] [WS] Error: Event @ https://billing.tridigitals.com/src/lib/stores/websocket.ts?t=1778165634682:108
[ 6181274ms] [ERROR] WebSocket connection to 'wss://api-isp-management.tridigitals.com/api/ws' failed: Error during WebSocket handshake: Unexpected response code: 502 @ https://billing.tridigitals.com/src/lib/stores/websocket.ts?t=1778165634682:89
[ 6181275ms] [ERROR] [WS] Error: Event @ https://billing.tridigitals.com/src/lib/stores/websocket.ts?t=1778165634682:108
[ 6185117ms] [ERROR] WebSocket connection to 'wss://api-isp-management.tridigitals.com/api/ws' failed: Error during WebSocket handshake: Unexpected response code: 502 @ https://billing.tridigitals.com/src/lib/stores/websocket.ts?t=1778165634682:89
[ 6185117ms] [ERROR] [WS] Error: Event @ https://billing.tridigitals.com/src/lib/stores/websocket.ts?t=1778165634682:108
[ 6187671ms] [ERROR] WebSocket connection to 'wss://api-isp-management.tridigitals.com/api/ws' failed: Error during WebSocket handshake: Unexpected response code: 502 @ https://billing.tridigitals.com/src/lib/stores/websocket.ts?t=1778165634682:89
[ 6187672ms] [ERROR] [WS] Error: Event @ https://billing.tridigitals.com/src/lib/stores/websocket.ts?t=1778165634682:108
[ 6190964ms] [ERROR] WebSocket connection to 'wss://api-isp-management.tridigitals.com/api/ws' failed: Error during WebSocket handshake: Unexpected response code: 502 @ https://billing.tridigitals.com/src/lib/stores/websocket.ts?t=1778165634682:89
[ 6190964ms] [ERROR] [WS] Error: Event @ https://billing.tridigitals.com/src/lib/stores/websocket.ts?t=1778165634682:108
[ 6195612ms] [ERROR] WebSocket connection to 'wss://api-isp-management.tridigitals.com/api/ws' failed: Error during WebSocket handshake: Unexpected response code: 502 @ https://billing.tridigitals.com/src/lib/stores/websocket.ts?t=1778165634682:89
[ 6195612ms] [ERROR] [WS] Error: Event @ https://billing.tridigitals.com/src/lib/stores/websocket.ts?t=1778165634682:108
[ 6199781ms] [ERROR] WebSocket connection to 'wss://api-isp-management.tridigitals.com/api/ws' failed: Error during WebSocket handshake: Unexpected response code: 502 @ https://billing.tridigitals.com/src/lib/stores/websocket.ts?t=1778165634682:89
[ 6199782ms] [ERROR] [WS] Error: Event @ https://billing.tridigitals.com/src/lib/stores/websocket.ts?t=1778165634682:108
[ 6202447ms] [ERROR] WebSocket connection to 'wss://api-isp-management.tridigitals.com/api/ws' failed: Error during WebSocket handshake: Unexpected response code: 502 @ https://billing.tridigitals.com/src/lib/stores/websocket.ts?t=1778165634682:89
[ 6202447ms] [ERROR] [WS] Error: Event @ https://billing.tridigitals.com/src/lib/stores/websocket.ts?t=1778165634682:108
[ 6205594ms] [ERROR] WebSocket connection to 'wss://api-isp-management.tridigitals.com/api/ws' failed: Error during WebSocket handshake: Unexpected response code: 502 @ https://billing.tridigitals.com/src/lib/stores/websocket.ts?t=1778165634682:89
[ 6205595ms] [ERROR] [WS] Error: Event @ https://billing.tridigitals.com/src/lib/stores/websocket.ts?t=1778165634682:108
[ 6213029ms] [ERROR] WebSocket connection to 'wss://api-isp-management.tridigitals.com/api/ws' failed: Error during WebSocket handshake: Unexpected response code: 502 @ https://billing.tridigitals.com/src/lib/stores/websocket.ts?t=1778165634682:89
[ 6213029ms] [ERROR] [WS] Error: Event @ https://billing.tridigitals.com/src/lib/stores/websocket.ts?t=1778165634682:108
[ 6708092ms] [ERROR] WebSocket connection to 'wss://api-isp-management.tridigitals.com/api/ws' failed: Error during WebSocket handshake: Unexpected response code: 502 @ https://billing.tridigitals.com/src/lib/stores/websocket.ts?t=1778165634682:89
[ 6708092ms] [ERROR] [WS] Error: Event @ https://billing.tridigitals.com/src/lib/stores/websocket.ts?t=1778165634682:108
[ 6710591ms] [ERROR] WebSocket connection to 'wss://api-isp-management.tridigitals.com/api/ws' failed: Error during WebSocket handshake: Unexpected response code: 502 @ https://billing.tridigitals.com/src/lib/stores/websocket.ts?t=1778165634682:89
[ 6710591ms] [ERROR] [WS] Error: Event @ https://billing.tridigitals.com/src/lib/stores/websocket.ts?t=1778165634682:108
[ 6713093ms] [ERROR] WebSocket connection to 'wss://api-isp-management.tridigitals.com/api/ws' failed: Error during WebSocket handshake: Unexpected response code: 502 @ https://billing.tridigitals.com/src/lib/stores/websocket.ts?t=1778165634682:89
[ 6713094ms] [ERROR] [WS] Error: Event @ https://billing.tridigitals.com/src/lib/stores/websocket.ts?t=1778165634682:108
[ 6715592ms] [ERROR] WebSocket connection to 'wss://api-isp-management.tridigitals.com/api/ws' failed: Error during WebSocket handshake: Unexpected response code: 502 @ https://billing.tridigitals.com/src/lib/stores/websocket.ts?t=1778165634682:89
[ 6715592ms] [ERROR] [WS] Error: Event @ https://billing.tridigitals.com/src/lib/stores/websocket.ts?t=1778165634682:108
[ 6718092ms] [ERROR] WebSocket connection to 'wss://api-isp-management.tridigitals.com/api/ws' failed: Error during WebSocket handshake: Unexpected response code: 502 @ https://billing.tridigitals.com/src/lib/stores/websocket.ts?t=1778165634682:89
[ 6718092ms] [ERROR] [WS] Error: Event @ https://billing.tridigitals.com/src/lib/stores/websocket.ts?t=1778165634682:108
[ 6720596ms] [ERROR] WebSocket connection to 'wss://api-isp-management.tridigitals.com/api/ws' failed: Error during WebSocket handshake: Unexpected response code: 502 @ https://billing.tridigitals.com/src/lib/stores/websocket.ts?t=1778165634682:89
[ 6720596ms] [ERROR] [WS] Error: Event @ https://billing.tridigitals.com/src/lib/stores/websocket.ts?t=1778165634682:108
[ 6723100ms] [ERROR] WebSocket connection to 'wss://api-isp-management.tridigitals.com/api/ws' failed: Error during WebSocket handshake: Unexpected response code: 502 @ https://billing.tridigitals.com/src/lib/stores/websocket.ts?t=1778165634682:89
[ 6723100ms] [ERROR] [WS] Error: Event @ https://billing.tridigitals.com/src/lib/stores/websocket.ts?t=1778165634682:108
[ 6725597ms] [ERROR] WebSocket connection to 'wss://api-isp-management.tridigitals.com/api/ws' failed: Error during WebSocket handshake: Unexpected response code: 502 @ https://billing.tridigitals.com/src/lib/stores/websocket.ts?t=1778165634682:89
[ 6725597ms] [ERROR] [WS] Error: Event @ https://billing.tridigitals.com/src/lib/stores/websocket.ts?t=1778165634682:108
[ 6728119ms] [ERROR] WebSocket connection to 'wss://api-isp-management.tridigitals.com/api/ws' failed: Error during WebSocket handshake: Unexpected response code: 502 @ https://billing.tridigitals.com/src/lib/stores/websocket.ts?t=1778165634682:89
[ 6728120ms] [ERROR] [WS] Error: Event @ https://billing.tridigitals.com/src/lib/stores/websocket.ts?t=1778165634682:108
[ 6730639ms] [ERROR] WebSocket connection to 'wss://api-isp-management.tridigitals.com/api/ws' failed: Error during WebSocket handshake: Unexpected response code: 502 @ https://billing.tridigitals.com/src/lib/stores/websocket.ts?t=1778165634682:89
[ 6730639ms] [ERROR] [WS] Error: Event @ https://billing.tridigitals.com/src/lib/stores/websocket.ts?t=1778165634682:108
[ 6733220ms] [ERROR] WebSocket connection to 'wss://api-isp-management.tridigitals.com/api/ws' failed: Error during WebSocket handshake: Unexpected response code: 502 @ https://billing.tridigitals.com/src/lib/stores/websocket.ts?t=1778165634682:89
[ 6733220ms] [ERROR] [WS] Error: Event @ https://billing.tridigitals.com/src/lib/stores/websocket.ts?t=1778165634682:108
[ 6735871ms] [ERROR] WebSocket connection to 'wss://api-isp-management.tridigitals.com/api/ws' failed: Error during WebSocket handshake: Unexpected response code: 502 @ https://billing.tridigitals.com/src/lib/stores/websocket.ts?t=1778165634682:89
[ 6735871ms] [ERROR] [WS] Error: Event @ https://billing.tridigitals.com/src/lib/stores/websocket.ts?t=1778165634682:108
[ 6738555ms] [ERROR] WebSocket connection to 'wss://api-isp-management.tridigitals.com/api/ws' failed: Error during WebSocket handshake: Unexpected response code: 502 @ https://billing.tridigitals.com/src/lib/stores/websocket.ts?t=1778165634682:89
[ 6738555ms] [ERROR] [WS] Error: Event @ https://billing.tridigitals.com/src/lib/stores/websocket.ts?t=1778165634682:108
[ 6741436ms] [ERROR] WebSocket connection to 'wss://api-isp-management.tridigitals.com/api/ws' failed: Error during WebSocket handshake: Unexpected response code: 502 @ https://billing.tridigitals.com/src/lib/stores/websocket.ts?t=1778165634682:89
[ 6741436ms] [ERROR] [WS] Error: Event @ https://billing.tridigitals.com/src/lib/stores/websocket.ts?t=1778165634682:108
[ 6744943ms] [ERROR] WebSocket connection to 'wss://api-isp-management.tridigitals.com/api/ws' failed: Error during WebSocket handshake: Unexpected response code: 502 @ https://billing.tridigitals.com/src/lib/stores/websocket.ts?t=1778165634682:89
[ 6744944ms] [ERROR] [WS] Error: Event @ https://billing.tridigitals.com/src/lib/stores/websocket.ts?t=1778165634682:108
[ 6749853ms] [ERROR] WebSocket connection to 'wss://api-isp-management.tridigitals.com/api/ws' failed: Error during WebSocket handshake: Unexpected response code: 502 @ https://billing.tridigitals.com/src/lib/stores/websocket.ts?t=1778165634682:89
[ 6749853ms] [ERROR] [WS] Error: Event @ https://billing.tridigitals.com/src/lib/stores/websocket.ts?t=1778165634682:108
[ 6752411ms] [ERROR] WebSocket connection to 'wss://api-isp-management.tridigitals.com/api/ws' failed: Error during WebSocket handshake: Unexpected response code: 502 @ https://billing.tridigitals.com/src/lib/stores/websocket.ts?t=1778165634682:89
[ 6752412ms] [ERROR] [WS] Error: Event @ https://billing.tridigitals.com/src/lib/stores/websocket.ts?t=1778165634682:108
[ 6756130ms] [ERROR] WebSocket connection to 'wss://api-isp-management.tridigitals.com/api/ws' failed: Error during WebSocket handshake: Unexpected response code: 502 @ https://billing.tridigitals.com/src/lib/stores/websocket.ts?t=1778165634682:89
[ 6756130ms] [ERROR] [WS] Error: Event @ https://billing.tridigitals.com/src/lib/stores/websocket.ts?t=1778165634682:108
[ 6760596ms] [ERROR] WebSocket connection to 'wss://api-isp-management.tridigitals.com/api/ws' failed: Error during WebSocket handshake: Unexpected response code: 502 @ https://billing.tridigitals.com/src/lib/stores/websocket.ts?t=1778165634682:89
[ 6760596ms] [ERROR] [WS] Error: Event @ https://billing.tridigitals.com/src/lib/stores/websocket.ts?t=1778165634682:108
[ 6762926ms] [ERROR] Access to fetch at 'https://api-isp-management.tridigitals.com/api/auth/validate' from origin 'https://billing.tridigitals.com' has been blocked by CORS policy: Response to preflight request doesn't pass access control check: No 'Access-Control-Allow-Origin' header is present on the requested resource. @ https://billing.tridigitals.com/notifications:0
[ 6762926ms] [ERROR] Failed to load resource: net::ERR_FAILED @ https://api-isp-management.tridigitals.com/api/auth/validate:0
[ 6762927ms] [ERROR] API Error (validate_token): TypeError: Failed to fetch
    at window.fetch (https://billing.tridigitals.com/node_modules/@sveltejs/kit/src/runtime/client/fetcher.js?v=a1ff02f4:66:10)
    at safeInvoke (https://billing.tridigitals.com/src/lib/api/core.ts:655:26)
    at Object.validateToken (https://billing.tridigitals.com/src/lib/api/auth.ts:8:29)
    at run (https://billing.tridigitals.com/src/lib/stores/auth.ts:208:32)
    at async Module.track_reactivity_loss (https://billing.tridigitals.com/node_modules/.vite/deps/chunk-EUQQR2VU.js?v=a1ff02f4:1642:15)
    at async keepSessionAliveIfActive (https://billing.tridigitals.com/src/routes/+layout.svelte?t=1778165634682:135:5) @ https://billing.tridigitals.com/src/lib/api/core.ts:726
[ 6764738ms] [ERROR] WebSocket connection to 'wss://api-isp-management.tridigitals.com/api/ws' failed: Error during WebSocket handshake: Unexpected response code: 502 @ https://billing.tridigitals.com/src/lib/stores/websocket.ts?t=1778165634682:89
[ 6764739ms] [ERROR] [WS] Error: Event @ https://billing.tridigitals.com/src/lib/stores/websocket.ts?t=1778165634682:108
[ 6767842ms] [ERROR] WebSocket connection to 'wss://api-isp-management.tridigitals.com/api/ws' failed: Error during WebSocket handshake: Unexpected response code: 502 @ https://billing.tridigitals.com/src/lib/stores/websocket.ts?t=1778165634682:89
[ 6767843ms] [ERROR] [WS] Error: Event @ https://billing.tridigitals.com/src/lib/stores/websocket.ts?t=1778165634682:108
[ 6773031ms] [ERROR] WebSocket connection to 'wss://api-isp-management.tridigitals.com/api/ws' failed: Error during WebSocket handshake: Unexpected response code: 502 @ https://billing.tridigitals.com/src/lib/stores/websocket.ts?t=1778165634682:89
[ 6773031ms] [ERROR] [WS] Error: Event @ https://billing.tridigitals.com/src/lib/stores/websocket.ts?t=1778165634682:108
[ 6778022ms] [ERROR] WebSocket connection to 'wss://api-isp-management.tridigitals.com/api/ws' failed: Error during WebSocket handshake: Unexpected response code: 502 @ https://billing.tridigitals.com/src/lib/stores/websocket.ts?t=1778165634682:89
[ 6778022ms] [ERROR] [WS] Error: Event @ https://billing.tridigitals.com/src/lib/stores/websocket.ts?t=1778165634682:108
[ 6779798ms] [ERROR] WebSocket connection to 'wss://api-isp-management.tridigitals.com/api/ws' failed: Error during WebSocket handshake: Unexpected response code: 502 @ https://billing.tridigitals.com/src/lib/stores/websocket.ts?t=1778165634682:89
[ 6779798ms] [ERROR] [WS] Error: Event @ https://billing.tridigitals.com/src/lib/stores/websocket.ts?t=1778165634682:108
[ 6784050ms] [ERROR] WebSocket connection to 'wss://api-isp-management.tridigitals.com/api/ws' failed: Error during WebSocket handshake: Unexpected response code: 502 @ https://billing.tridigitals.com/src/lib/stores/websocket.ts?t=1778165634682:89
[ 6784051ms] [ERROR] [WS] Error: Event @ https://billing.tridigitals.com/src/lib/stores/websocket.ts?t=1778165634682:108
[ 6788564ms] [ERROR] WebSocket connection to 'wss://api-isp-management.tridigitals.com/api/ws' failed: Error during WebSocket handshake: Unexpected response code: 502 @ https://billing.tridigitals.com/src/lib/stores/websocket.ts?t=1778165634682:89
[ 6788565ms] [ERROR] [WS] Error: Event @ https://billing.tridigitals.com/src/lib/stores/websocket.ts?t=1778165634682:108
[ 6793814ms] [ERROR] WebSocket connection to 'wss://api-isp-management.tridigitals.com/api/ws' failed: Error during WebSocket handshake: Unexpected response code: 502 @ https://billing.tridigitals.com/src/lib/stores/websocket.ts?t=1778165634682:89
[ 6793814ms] [ERROR] [WS] Error: Event @ https://billing.tridigitals.com/src/lib/stores/websocket.ts?t=1778165634682:108
[ 6797563ms] [ERROR] WebSocket connection to 'wss://api-isp-management.tridigitals.com/api/ws' failed: Error during WebSocket handshake: Unexpected response code: 502 @ https://billing.tridigitals.com/src/lib/stores/websocket.ts?t=1778165634682:89
[ 6797563ms] [ERROR] [WS] Error: Event @ https://billing.tridigitals.com/src/lib/stores/websocket.ts?t=1778165634682:108
[ 6802026ms] [ERROR] WebSocket connection to 'wss://api-isp-management.tridigitals.com/api/ws' failed: Error during WebSocket handshake: Unexpected response code: 502 @ https://billing.tridigitals.com/src/lib/stores/websocket.ts?t=1778165634682:89
[ 6802027ms] [ERROR] [WS] Error: Event @ https://billing.tridigitals.com/src/lib/stores/websocket.ts?t=1778165634682:108
[ 6804616ms] [ERROR] WebSocket connection to 'wss://api-isp-management.tridigitals.com/api/ws' failed: Error during WebSocket handshake: Unexpected response code: 502 @ https://billing.tridigitals.com/src/lib/stores/websocket.ts?t=1778165634682:89
[ 6804617ms] [ERROR] [WS] Error: Event @ https://billing.tridigitals.com/src/lib/stores/websocket.ts?t=1778165634682:108
[ 6807809ms] [ERROR] WebSocket connection to 'wss://api-isp-management.tridigitals.com/api/ws' failed: Error during WebSocket handshake: Unexpected response code: 502 @ https://billing.tridigitals.com/src/lib/stores/websocket.ts?t=1778165634682:89
[ 6807809ms] [ERROR] [WS] Error: Event @ https://billing.tridigitals.com/src/lib/stores/websocket.ts?t=1778165634682:108
[ 6810938ms] [ERROR] WebSocket connection to 'wss://api-isp-management.tridigitals.com/api/ws' failed: Error during WebSocket handshake: Unexpected response code: 502 @ https://billing.tridigitals.com/src/lib/stores/websocket.ts?t=1778165634682:89
[ 6810938ms] [ERROR] [WS] Error: Event @ https://billing.tridigitals.com/src/lib/stores/websocket.ts?t=1778165634682:108
[ 6816750ms] [ERROR] WebSocket connection to 'wss://api-isp-management.tridigitals.com/api/ws' failed: Error during WebSocket handshake: Unexpected response code: 502 @ https://billing.tridigitals.com/src/lib/stores/websocket.ts?t=1778165634682:89
[ 6816750ms] [ERROR] [WS] Error: Event @ https://billing.tridigitals.com/src/lib/stores/websocket.ts?t=1778165634682:108
[ 6819843ms] [ERROR] WebSocket connection to 'wss://api-isp-management.tridigitals.com/api/ws' failed: Error during WebSocket handshake: Unexpected response code: 502 @ https://billing.tridigitals.com/src/lib/stores/websocket.ts?t=1778165634682:89
[ 6819843ms] [ERROR] [WS] Error: Event @ https://billing.tridigitals.com/src/lib/stores/websocket.ts?t=1778165634682:108
[ 6822925ms] [ERROR] Access to fetch at 'https://api-isp-management.tridigitals.com/api/auth/validate' from origin 'https://billing.tridigitals.com' has been blocked by CORS policy: Response to preflight request doesn't pass access control check: No 'Access-Control-Allow-Origin' header is present on the requested resource. @ https://billing.tridigitals.com/notifications:0
[ 6822925ms] [ERROR] Failed to load resource: net::ERR_FAILED @ https://api-isp-management.tridigitals.com/api/auth/validate:0
[ 6822925ms] [ERROR] API Error (validate_token): TypeError: Failed to fetch
    at window.fetch (https://billing.tridigitals.com/node_modules/@sveltejs/kit/src/runtime/client/fetcher.js?v=a1ff02f4:66:10)
    at safeInvoke (https://billing.tridigitals.com/src/lib/api/core.ts:655:26)
    at Object.validateToken (https://billing.tridigitals.com/src/lib/api/auth.ts:8:29)
    at run (https://billing.tridigitals.com/src/lib/stores/auth.ts:208:32)
    at async Module.track_reactivity_loss (https://billing.tridigitals.com/node_modules/.vite/deps/chunk-EUQQR2VU.js?v=a1ff02f4:1642:15)
    at async keepSessionAliveIfActive (https://billing.tridigitals.com/src/routes/+layout.svelte?t=1778165634682:135:5) @ https://billing.tridigitals.com/src/lib/api/core.ts:726
[ 6824963ms] [ERROR] WebSocket connection to 'wss://api-isp-management.tridigitals.com/api/ws' failed: Error during WebSocket handshake: Unexpected response code: 502 @ https://billing.tridigitals.com/src/lib/stores/websocket.ts?t=1778165634682:89
[ 6824963ms] [ERROR] [WS] Error: Event @ https://billing.tridigitals.com/src/lib/stores/websocket.ts?t=1778165634682:108
[ 6828961ms] [ERROR] WebSocket connection to 'wss://api-isp-management.tridigitals.com/api/ws' failed: Error during WebSocket handshake: Unexpected response code: 502 @ https://billing.tridigitals.com/src/lib/stores/websocket.ts?t=1778165634682:89
[ 6828961ms] [ERROR] [WS] Error: Event @ https://billing.tridigitals.com/src/lib/stores/websocket.ts?t=1778165634682:108
[ 6831980ms] [ERROR] WebSocket connection to 'wss://api-isp-management.tridigitals.com/api/ws' failed: Error during WebSocket handshake: Unexpected response code: 502 @ https://billing.tridigitals.com/src/lib/stores/websocket.ts?t=1778165634682:89
[ 6831980ms] [ERROR] [WS] Error: Event @ https://billing.tridigitals.com/src/lib/stores/websocket.ts?t=1778165634682:108
[ 6836255ms] [ERROR] WebSocket connection to 'wss://api-isp-management.tridigitals.com/api/ws' failed: Error during WebSocket handshake: Unexpected response code: 502 @ https://billing.tridigitals.com/src/lib/stores/websocket.ts?t=1778165634682:89
[ 6836255ms] [ERROR] [WS] Error: Event @ https://billing.tridigitals.com/src/lib/stores/websocket.ts?t=1778165634682:108
[ 6842905ms] [ERROR] WebSocket connection to 'wss://api-isp-management.tridigitals.com/api/ws' failed: Error during WebSocket handshake: Unexpected response code: 502 @ https://billing.tridigitals.com/src/lib/stores/websocket.ts?t=1778165634682:89
[ 6842905ms] [ERROR] [WS] Error: Event @ https://billing.tridigitals.com/src/lib/stores/websocket.ts?t=1778165634682:108
[ 6847022ms] [ERROR] WebSocket connection to 'wss://api-isp-management.tridigitals.com/api/ws' failed: Error during WebSocket handshake: Unexpected response code: 502 @ https://billing.tridigitals.com/src/lib/stores/websocket.ts?t=1778165634682:89
[ 6847022ms] [ERROR] [WS] Error: Event @ https://billing.tridigitals.com/src/lib/stores/websocket.ts?t=1778165634682:108
[ 6850038ms] [ERROR] WebSocket connection to 'wss://api-isp-management.tridigitals.com/api/ws' failed: Error during WebSocket handshake: Unexpected response code: 502 @ https://billing.tridigitals.com/src/lib/stores/websocket.ts?t=1778165634682:89
[ 6850039ms] [ERROR] [WS] Error: Event @ https://billing.tridigitals.com/src/lib/stores/websocket.ts?t=1778165634682:108
[ 6853101ms] [ERROR] WebSocket connection to 'wss://api-isp-management.tridigitals.com/api/ws' failed: Error during WebSocket handshake: Unexpected response code: 502 @ https://billing.tridigitals.com/src/lib/stores/websocket.ts?t=1778165634682:89
[ 6853102ms] [ERROR] [WS] Error: Event @ https://billing.tridigitals.com/src/lib/stores/websocket.ts?t=1778165634682:108
[ 6859258ms] [ERROR] WebSocket connection to 'wss://api-isp-management.tridigitals.com/api/ws' failed: Error during WebSocket handshake: Unexpected response code: 502 @ https://billing.tridigitals.com/src/lib/stores/websocket.ts?t=1778165634682:89
[ 6859259ms] [ERROR] [WS] Error: Event @ https://billing.tridigitals.com/src/lib/stores/websocket.ts?t=1778165634682:108
[ 6861977ms] [ERROR] WebSocket connection to 'wss://api-isp-management.tridigitals.com/api/ws' failed: Error during WebSocket handshake: Unexpected response code: 502 @ https://billing.tridigitals.com/src/lib/stores/websocket.ts?t=1778165634682:89
[ 6861977ms] [ERROR] [WS] Error: Event @ https://billing.tridigitals.com/src/lib/stores/websocket.ts?t=1778165634682:108
[ 6865527ms] [ERROR] WebSocket connection to 'wss://api-isp-management.tridigitals.com/api/ws' failed: Error during WebSocket handshake: Unexpected response code: 502 @ https://billing.tridigitals.com/src/lib/stores/websocket.ts?t=1778165634682:89
[ 6865527ms] [ERROR] [WS] Error: Event @ https://billing.tridigitals.com/src/lib/stores/websocket.ts?t=1778165634682:108
[ 6866769ms] [ERROR] WebSocket connection to 'wss://api-isp-management.tridigitals.com/api/ws' failed: Error during WebSocket handshake: Unexpected response code: 502 @ https://billing.tridigitals.com/src/lib/stores/websocket.ts?t=1778165634682:89
[ 6866769ms] [ERROR] [WS] Error: Event @ https://billing.tridigitals.com/src/lib/stores/websocket.ts?t=1778165634682:108
[ 6870427ms] [ERROR] WebSocket connection to 'wss://api-isp-management.tridigitals.com/api/ws' failed: Error during WebSocket handshake: Unexpected response code: 502 @ https://billing.tridigitals.com/src/lib/stores/websocket.ts?t=1778165634682:89
[ 6870428ms] [ERROR] [WS] Error: Event @ https://billing.tridigitals.com/src/lib/stores/websocket.ts?t=1778165634682:108
[ 6872485ms] [ERROR] WebSocket connection to 'wss://api-isp-management.tridigitals.com/api/ws' failed: Error during WebSocket handshake: Unexpected response code: 502 @ https://billing.tridigitals.com/src/lib/stores/websocket.ts?t=1778165634682:89
[ 6872485ms] [ERROR] [WS] Error: Event @ https://billing.tridigitals.com/src/lib/stores/websocket.ts?t=1778165634682:108
[ 6875757ms] [ERROR] WebSocket connection to 'wss://api-isp-management.tridigitals.com/api/ws' failed: Error during WebSocket handshake: Unexpected response code: 502 @ https://billing.tridigitals.com/src/lib/stores/websocket.ts?t=1778165634682:89
[ 6875757ms] [ERROR] [WS] Error: Event @ https://billing.tridigitals.com/src/lib/stores/websocket.ts?t=1778165634682:108
[ 6882691ms] [ERROR] WebSocket connection to 'wss://api-isp-management.tridigitals.com/api/ws' failed: Error during WebSocket handshake: Unexpected response code: 502 @ https://billing.tridigitals.com/src/lib/stores/websocket.ts?t=1778165634682:89
[ 6882691ms] [ERROR] [WS] Error: Event @ https://billing.tridigitals.com/src/lib/stores/websocket.ts?t=1778165634682:108
[ 6882925ms] [ERROR] Access to fetch at 'https://api-isp-management.tridigitals.com/api/auth/validate' from origin 'https://billing.tridigitals.com' has been blocked by CORS policy: Response to preflight request doesn't pass access control check: No 'Access-Control-Allow-Origin' header is present on the requested resource. @ https://billing.tridigitals.com/notifications:0
[ 6882926ms] [ERROR] Failed to load resource: net::ERR_FAILED @ https://api-isp-management.tridigitals.com/api/auth/validate:0
[ 6882926ms] [ERROR] API Error (validate_token): TypeError: Failed to fetch
    at window.fetch (https://billing.tridigitals.com/node_modules/@sveltejs/kit/src/runtime/client/fetcher.js?v=a1ff02f4:66:10)
    at safeInvoke (https://billing.tridigitals.com/src/lib/api/core.ts:655:26)
    at Object.validateToken (https://billing.tridigitals.com/src/lib/api/auth.ts:8:29)
    at run (https://billing.tridigitals.com/src/lib/stores/auth.ts:208:32)
    at async Module.track_reactivity_loss (https://billing.tridigitals.com/node_modules/.vite/deps/chunk-EUQQR2VU.js?v=a1ff02f4:1642:15)
    at async keepSessionAliveIfActive (https://billing.tridigitals.com/src/routes/+layout.svelte?t=1778165634682:135:5) @ https://billing.tridigitals.com/src/lib/api/core.ts:726
[ 6887303ms] [ERROR] WebSocket connection to 'wss://api-isp-management.tridigitals.com/api/ws' failed: Error during WebSocket handshake: Unexpected response code: 502 @ https://billing.tridigitals.com/src/lib/stores/websocket.ts?t=1778165634682:89
[ 6887304ms] [ERROR] [WS] Error: Event @ https://billing.tridigitals.com/src/lib/stores/websocket.ts?t=1778165634682:108
[ 6889565ms] [ERROR] WebSocket connection to 'wss://api-isp-management.tridigitals.com/api/ws' failed: Error during WebSocket handshake: Unexpected response code: 502 @ https://billing.tridigitals.com/src/lib/stores/websocket.ts?t=1778165634682:89
[ 6889565ms] [ERROR] [WS] Error: Event @ https://billing.tridigitals.com/src/lib/stores/websocket.ts?t=1778165634682:108
[ 6894110ms] [ERROR] WebSocket connection to 'wss://api-isp-management.tridigitals.com/api/ws' failed: Error during WebSocket handshake: Unexpected response code: 502 @ https://billing.tridigitals.com/src/lib/stores/websocket.ts?t=1778165634682:89
[ 6894111ms] [ERROR] [WS] Error: Event @ https://billing.tridigitals.com/src/lib/stores/websocket.ts?t=1778165634682:108
[ 6896828ms] [ERROR] WebSocket connection to 'wss://api-isp-management.tridigitals.com/api/ws' failed: Error during WebSocket handshake: Unexpected response code: 502 @ https://billing.tridigitals.com/src/lib/stores/websocket.ts?t=1778165634682:89
[ 6896828ms] [ERROR] [WS] Error: Event @ https://billing.tridigitals.com/src/lib/stores/websocket.ts?t=1778165634682:108
[ 6899801ms] [ERROR] WebSocket connection to 'wss://api-isp-management.tridigitals.com/api/ws' failed: Error during WebSocket handshake: Unexpected response code: 502 @ https://billing.tridigitals.com/src/lib/stores/websocket.ts?t=1778165634682:89
[ 6899801ms] [ERROR] [WS] Error: Event @ https://billing.tridigitals.com/src/lib/stores/websocket.ts?t=1778165634682:108
[ 6904422ms] [ERROR] WebSocket connection to 'wss://api-isp-management.tridigitals.com/api/ws' failed: Error during WebSocket handshake: Unexpected response code: 502 @ https://billing.tridigitals.com/src/lib/stores/websocket.ts?t=1778165634682:89
[ 6904423ms] [ERROR] [WS] Error: Event @ https://billing.tridigitals.com/src/lib/stores/websocket.ts?t=1778165634682:108
[ 6908747ms] [ERROR] WebSocket connection to 'wss://api-isp-management.tridigitals.com/api/ws' failed: Error during WebSocket handshake: Unexpected response code: 502 @ https://billing.tridigitals.com/src/lib/stores/websocket.ts?t=1778165634682:89
[ 6908747ms] [ERROR] [WS] Error: Event @ https://billing.tridigitals.com/src/lib/stores/websocket.ts?t=1778165634682:108
[ 6911883ms] [ERROR] WebSocket connection to 'wss://api-isp-management.tridigitals.com/api/ws' failed: Error during WebSocket handshake: Unexpected response code: 502 @ https://billing.tridigitals.com/src/lib/stores/websocket.ts?t=1778165634682:89
[ 6911883ms] [ERROR] [WS] Error: Event @ https://billing.tridigitals.com/src/lib/stores/websocket.ts?t=1778165634682:108
[ 6916526ms] [ERROR] WebSocket connection to 'wss://api-isp-management.tridigitals.com/api/ws' failed: Error during WebSocket handshake: Unexpected response code: 502 @ https://billing.tridigitals.com/src/lib/stores/websocket.ts?t=1778165634682:89
[ 6916526ms] [ERROR] [WS] Error: Event @ https://billing.tridigitals.com/src/lib/stores/websocket.ts?t=1778165634682:108
[ 6920264ms] [ERROR] WebSocket connection to 'wss://api-isp-management.tridigitals.com/api/ws' failed: Error during WebSocket handshake: Unexpected response code: 502 @ https://billing.tridigitals.com/src/lib/stores/websocket.ts?t=1778165634682:89
[ 6920264ms] [ERROR] [WS] Error: Event @ https://billing.tridigitals.com/src/lib/stores/websocket.ts?t=1778165634682:108
[ 6922064ms] [ERROR] WebSocket connection to 'wss://api-isp-management.tridigitals.com/api/ws' failed: Error during WebSocket handshake: Unexpected response code: 502 @ https://billing.tridigitals.com/src/lib/stores/websocket.ts?t=1778165634682:89
[ 6922064ms] [ERROR] [WS] Error: Event @ https://billing.tridigitals.com/src/lib/stores/websocket.ts?t=1778165634682:108
[ 6927330ms] [ERROR] WebSocket connection to 'wss://api-isp-management.tridigitals.com/api/ws' failed: Error during WebSocket handshake: Unexpected response code: 502 @ https://billing.tridigitals.com/src/lib/stores/websocket.ts?t=1778165634682:89
[ 6927330ms] [ERROR] [WS] Error: Event @ https://billing.tridigitals.com/src/lib/stores/websocket.ts?t=1778165634682:108
[ 6931952ms] [ERROR] WebSocket connection to 'wss://api-isp-management.tridigitals.com/api/ws' failed: Error during WebSocket handshake: Unexpected response code: 502 @ https://billing.tridigitals.com/src/lib/stores/websocket.ts?t=1778165634682:89
[ 6931952ms] [ERROR] [WS] Error: Event @ https://billing.tridigitals.com/src/lib/stores/websocket.ts?t=1778165634682:108
[ 6937691ms] [ERROR] WebSocket connection to 'wss://api-isp-management.tridigitals.com/api/ws' failed: Error during WebSocket handshake: Unexpected response code: 502 @ https://billing.tridigitals.com/src/lib/stores/websocket.ts?t=1778165634682:89
[ 6937691ms] [ERROR] [WS] Error: Event @ https://billing.tridigitals.com/src/lib/stores/websocket.ts?t=1778165634682:108
[ 6939180ms] [ERROR] WebSocket connection to 'wss://api-isp-management.tridigitals.com/api/ws' failed: Error during WebSocket handshake: Unexpected response code: 502 @ https://billing.tridigitals.com/src/lib/stores/websocket.ts?t=1778165634682:89
[ 6939181ms] [ERROR] [WS] Error: Event @ https://billing.tridigitals.com/src/lib/stores/websocket.ts?t=1778165634682:108
[ 6942929ms] [ERROR] Access to fetch at 'https://api-isp-management.tridigitals.com/api/auth/validate' from origin 'https://billing.tridigitals.com' has been blocked by CORS policy: Response to preflight request doesn't pass access control check: No 'Access-Control-Allow-Origin' header is present on the requested resource. @ https://billing.tridigitals.com/notifications:0
[ 6942929ms] [ERROR] Failed to load resource: net::ERR_FAILED @ https://api-isp-management.tridigitals.com/api/auth/validate:0
[ 6942930ms] [ERROR] API Error (validate_token): TypeError: Failed to fetch
    at window.fetch (https://billing.tridigitals.com/node_modules/@sveltejs/kit/src/runtime/client/fetcher.js?v=a1ff02f4:66:10)
    at safeInvoke (https://billing.tridigitals.com/src/lib/api/core.ts:655:26)
    at Object.validateToken (https://billing.tridigitals.com/src/lib/api/auth.ts:8:29)
    at run (https://billing.tridigitals.com/src/lib/stores/auth.ts:208:32)
    at async Module.track_reactivity_loss (https://billing.tridigitals.com/node_modules/.vite/deps/chunk-EUQQR2VU.js?v=a1ff02f4:1642:15)
    at async keepSessionAliveIfActive (https://billing.tridigitals.com/src/routes/+layout.svelte?t=1778165634682:135:5) @ https://billing.tridigitals.com/src/lib/api/core.ts:726
[ 6944266ms] [ERROR] WebSocket connection to 'wss://api-isp-management.tridigitals.com/api/ws' failed: Error during WebSocket handshake: Unexpected response code: 502 @ https://billing.tridigitals.com/src/lib/stores/websocket.ts?t=1778165634682:89
[ 6944266ms] [ERROR] [WS] Error: Event @ https://billing.tridigitals.com/src/lib/stores/websocket.ts?t=1778165634682:108
[ 6947046ms] [ERROR] WebSocket connection to 'wss://api-isp-management.tridigitals.com/api/ws' failed: Error during WebSocket handshake: Unexpected response code: 502 @ https://billing.tridigitals.com/src/lib/stores/websocket.ts?t=1778165634682:89
[ 6947046ms] [ERROR] [WS] Error: Event @ https://billing.tridigitals.com/src/lib/stores/websocket.ts?t=1778165634682:108
[ 6950918ms] [ERROR] WebSocket connection to 'wss://api-isp-management.tridigitals.com/api/ws' failed: Error during WebSocket handshake: Unexpected response code: 502 @ https://billing.tridigitals.com/src/lib/stores/websocket.ts?t=1778165634682:89
[ 6950918ms] [ERROR] [WS] Error: Event @ https://billing.tridigitals.com/src/lib/stores/websocket.ts?t=1778165634682:108
[ 6957251ms] [ERROR] WebSocket connection to 'wss://api-isp-management.tridigitals.com/api/ws' failed: Error during WebSocket handshake: Unexpected response code: 502 @ https://billing.tridigitals.com/src/lib/stores/websocket.ts?t=1778165634682:89
[ 6957251ms] [ERROR] [WS] Error: Event @ https://billing.tridigitals.com/src/lib/stores/websocket.ts?t=1778165634682:108
[ 6959504ms] [ERROR] WebSocket connection to 'wss://api-isp-management.tridigitals.com/api/ws' failed: Error during WebSocket handshake: Unexpected response code: 502 @ https://billing.tridigitals.com/src/lib/stores/websocket.ts?t=1778165634682:89
[ 6959505ms] [ERROR] [WS] Error: Event @ https://billing.tridigitals.com/src/lib/stores/websocket.ts?t=1778165634682:108
[ 6962888ms] [ERROR] WebSocket connection to 'wss://api-isp-management.tridigitals.com/api/ws' failed: Error during WebSocket handshake: Unexpected response code: 502 @ https://billing.tridigitals.com/src/lib/stores/websocket.ts?t=1778165634682:89
[ 6962888ms] [ERROR] [WS] Error: Event @ https://billing.tridigitals.com/src/lib/stores/websocket.ts?t=1778165634682:108
[ 6967029ms] [ERROR] WebSocket connection to 'wss://api-isp-management.tridigitals.com/api/ws' failed: Error during WebSocket handshake: Unexpected response code: 502 @ https://billing.tridigitals.com/src/lib/stores/websocket.ts?t=1778165634682:89
[ 6967030ms] [ERROR] [WS] Error: Event @ https://billing.tridigitals.com/src/lib/stores/websocket.ts?t=1778165634682:108
[ 6971812ms] [ERROR] WebSocket connection to 'wss://api-isp-management.tridigitals.com/api/ws' failed: Error during WebSocket handshake: Unexpected response code: 502 @ https://billing.tridigitals.com/src/lib/stores/websocket.ts?t=1778165634682:89
[ 6971813ms] [ERROR] [WS] Error: Event @ https://billing.tridigitals.com/src/lib/stores/websocket.ts?t=1778165634682:108
[ 6977591ms] [ERROR] WebSocket connection to 'wss://api-isp-management.tridigitals.com/api/ws' failed: Error during WebSocket handshake: Unexpected response code: 502 @ https://billing.tridigitals.com/src/lib/stores/websocket.ts?t=1778165634682:89
[ 6977591ms] [ERROR] [WS] Error: Event @ https://billing.tridigitals.com/src/lib/stores/websocket.ts?t=1778165634682:108
[ 6982203ms] [ERROR] WebSocket connection to 'wss://api-isp-management.tridigitals.com/api/ws' failed: Error during WebSocket handshake: Unexpected response code: 502 @ https://billing.tridigitals.com/src/lib/stores/websocket.ts?t=1778165634682:89
[ 6982203ms] [ERROR] [WS] Error: Event @ https://billing.tridigitals.com/src/lib/stores/websocket.ts?t=1778165634682:108
[ 6986897ms] [ERROR] WebSocket connection to 'wss://api-isp-management.tridigitals.com/api/ws' failed: Error during WebSocket handshake: Unexpected response code: 502 @ https://billing.tridigitals.com/src/lib/stores/websocket.ts?t=1778165634682:89
[ 6986897ms] [ERROR] [WS] Error: Event @ https://billing.tridigitals.com/src/lib/stores/websocket.ts?t=1778165634682:108
[ 6992619ms] [ERROR] WebSocket connection to 'wss://api-isp-management.tridigitals.com/api/ws' failed: Error during WebSocket handshake: Unexpected response code: 502 @ https://billing.tridigitals.com/src/lib/stores/websocket.ts?t=1778165634682:89
[ 6992619ms] [ERROR] [WS] Error: Event @ https://billing.tridigitals.com/src/lib/stores/websocket.ts?t=1778165634682:108
[ 6995953ms] [ERROR] WebSocket connection to 'wss://api-isp-management.tridigitals.com/api/ws' failed: Error during WebSocket handshake: Unexpected response code: 502 @ https://billing.tridigitals.com/src/lib/stores/websocket.ts?t=1778165634682:89
[ 6995953ms] [ERROR] [WS] Error: Event @ https://billing.tridigitals.com/src/lib/stores/websocket.ts?t=1778165634682:108
[ 7002411ms] [ERROR] WebSocket connection to 'wss://api-isp-management.tridigitals.com/api/ws' failed: Error during WebSocket handshake: Unexpected response code: 502 @ https://billing.tridigitals.com/src/lib/stores/websocket.ts?t=1778165634682:89
[ 7002411ms] [ERROR] [WS] Error: Event @ https://billing.tridigitals.com/src/lib/stores/websocket.ts?t=1778165634682:108
[ 7002926ms] [ERROR] Access to fetch at 'https://api-isp-management.tridigitals.com/api/auth/validate' from origin 'https://billing.tridigitals.com' has been blocked by CORS policy: Response to preflight request doesn't pass access control check: No 'Access-Control-Allow-Origin' header is present on the requested resource. @ https://billing.tridigitals.com/notifications:0
[ 7002926ms] [ERROR] Failed to load resource: net::ERR_FAILED @ https://api-isp-management.tridigitals.com/api/auth/validate:0
[ 7002927ms] [ERROR] API Error (validate_token): TypeError: Failed to fetch
    at window.fetch (https://billing.tridigitals.com/node_modules/@sveltejs/kit/src/runtime/client/fetcher.js?v=a1ff02f4:66:10)
    at safeInvoke (https://billing.tridigitals.com/src/lib/api/core.ts:655:26)
    at Object.validateToken (https://billing.tridigitals.com/src/lib/api/auth.ts:8:29)
    at run (https://billing.tridigitals.com/src/lib/stores/auth.ts:208:32)
    at async Module.track_reactivity_loss (https://billing.tridigitals.com/node_modules/.vite/deps/chunk-EUQQR2VU.js?v=a1ff02f4:1642:15)
    at async keepSessionAliveIfActive (https://billing.tridigitals.com/src/routes/+layout.svelte?t=1778165634682:135:5) @ https://billing.tridigitals.com/src/lib/api/core.ts:726
[ 7006881ms] [ERROR] WebSocket connection to 'wss://api-isp-management.tridigitals.com/api/ws' failed: Error during WebSocket handshake: Unexpected response code: 502 @ https://billing.tridigitals.com/src/lib/stores/websocket.ts?t=1778165634682:89
[ 7006882ms] [ERROR] [WS] Error: Event @ https://billing.tridigitals.com/src/lib/stores/websocket.ts?t=1778165634682:108
[ 7009399ms] [ERROR] WebSocket connection to 'wss://api-isp-management.tridigitals.com/api/ws' failed: Error during WebSocket handshake: Unexpected response code: 502 @ https://billing.tridigitals.com/src/lib/stores/websocket.ts?t=1778165634682:89
[ 7009399ms] [ERROR] [WS] Error: Event @ https://billing.tridigitals.com/src/lib/stores/websocket.ts?t=1778165634682:108
[ 7015380ms] [ERROR] WebSocket connection to 'wss://api-isp-management.tridigitals.com/api/ws' failed: Error during WebSocket handshake: Unexpected response code: 502 @ https://billing.tridigitals.com/src/lib/stores/websocket.ts?t=1778165634682:89
[ 7015381ms] [ERROR] [WS] Error: Event @ https://billing.tridigitals.com/src/lib/stores/websocket.ts?t=1778165634682:108
[ 7019504ms] [ERROR] WebSocket connection to 'wss://api-isp-management.tridigitals.com/api/ws' failed: Error during WebSocket handshake: Unexpected response code: 502 @ https://billing.tridigitals.com/src/lib/stores/websocket.ts?t=1778165634682:89
[ 7019507ms] [ERROR] [WS] Error: Event @ https://billing.tridigitals.com/src/lib/stores/websocket.ts?t=1778165634682:108
[ 7024575ms] [ERROR] WebSocket connection to 'wss://api-isp-management.tridigitals.com/api/ws' failed: Error during WebSocket handshake: Unexpected response code: 502 @ https://billing.tridigitals.com/src/lib/stores/websocket.ts?t=1778165634682:89
[ 7024575ms] [ERROR] [WS] Error: Event @ https://billing.tridigitals.com/src/lib/stores/websocket.ts?t=1778165634682:108
[ 7030253ms] [ERROR] WebSocket connection to 'wss://api-isp-management.tridigitals.com/api/ws' failed: Error during WebSocket handshake: Unexpected response code: 502 @ https://billing.tridigitals.com/src/lib/stores/websocket.ts?t=1778165634682:89
[ 7030254ms] [ERROR] [WS] Error: Event @ https://billing.tridigitals.com/src/lib/stores/websocket.ts?t=1778165634682:108
[ 7031949ms] [ERROR] WebSocket connection to 'wss://api-isp-management.tridigitals.com/api/ws' failed: Error during WebSocket handshake: Unexpected response code: 502 @ https://billing.tridigitals.com/src/lib/stores/websocket.ts?t=1778165634682:89
[ 7031949ms] [ERROR] [WS] Error: Event @ https://billing.tridigitals.com/src/lib/stores/websocket.ts?t=1778165634682:108
[ 7035140ms] [ERROR] WebSocket connection to 'wss://api-isp-management.tridigitals.com/api/ws' failed: Error during WebSocket handshake: Unexpected response code: 502 @ https://billing.tridigitals.com/src/lib/stores/websocket.ts?t=1778165634682:89
[ 7035140ms] [ERROR] [WS] Error: Event @ https://billing.tridigitals.com/src/lib/stores/websocket.ts?t=1778165634682:108
[ 7040343ms] [ERROR] WebSocket connection to 'wss://api-isp-management.tridigitals.com/api/ws' failed: Error during WebSocket handshake: Unexpected response code: 502 @ https://billing.tridigitals.com/src/lib/stores/websocket.ts?t=1778165634682:89
[ 7040344ms] [ERROR] [WS] Error: Event @ https://billing.tridigitals.com/src/lib/stores/websocket.ts?t=1778165634682:108
[ 7041842ms] [ERROR] WebSocket connection to 'wss://api-isp-management.tridigitals.com/api/ws' failed: Error during WebSocket handshake: Unexpected response code: 502 @ https://billing.tridigitals.com/src/lib/stores/websocket.ts?t=1778165634682:89
[ 7041842ms] [ERROR] [WS] Error: Event @ https://billing.tridigitals.com/src/lib/stores/websocket.ts?t=1778165634682:108
[ 7045793ms] [ERROR] WebSocket connection to 'wss://api-isp-management.tridigitals.com/api/ws' failed: Error during WebSocket handshake: Unexpected response code: 502 @ https://billing.tridigitals.com/src/lib/stores/websocket.ts?t=1778165634682:89
[ 7045793ms] [ERROR] [WS] Error: Event @ https://billing.tridigitals.com/src/lib/stores/websocket.ts?t=1778165634682:108
[ 7051075ms] [ERROR] WebSocket connection to 'wss://api-isp-management.tridigitals.com/api/ws' failed: Error during WebSocket handshake: Unexpected response code: 502 @ https://billing.tridigitals.com/src/lib/stores/websocket.ts?t=1778165634682:89
[ 7051076ms] [ERROR] [WS] Error: Event @ https://billing.tridigitals.com/src/lib/stores/websocket.ts?t=1778165634682:108
[ 7054770ms] [ERROR] WebSocket connection to 'wss://api-isp-management.tridigitals.com/api/ws' failed: Error during WebSocket handshake: Unexpected response code: 502 @ https://billing.tridigitals.com/src/lib/stores/websocket.ts?t=1778165634682:89
[ 7054771ms] [ERROR] [WS] Error: Event @ https://billing.tridigitals.com/src/lib/stores/websocket.ts?t=1778165634682:108
[ 7060531ms] [ERROR] WebSocket connection to 'wss://api-isp-management.tridigitals.com/api/ws' failed: Error during WebSocket handshake: Unexpected response code: 502 @ https://billing.tridigitals.com/src/lib/stores/websocket.ts?t=1778165634682:89
[ 7060531ms] [ERROR] [WS] Error: Event @ https://billing.tridigitals.com/src/lib/stores/websocket.ts?t=1778165634682:108
[ 7062925ms] [ERROR] Access to fetch at 'https://api-isp-management.tridigitals.com/api/auth/validate' from origin 'https://billing.tridigitals.com' has been blocked by CORS policy: Response to preflight request doesn't pass access control check: No 'Access-Control-Allow-Origin' header is present on the requested resource. @ https://billing.tridigitals.com/notifications:0
[ 7062926ms] [ERROR] Failed to load resource: net::ERR_FAILED @ https://api-isp-management.tridigitals.com/api/auth/validate:0
[ 7062926ms] [ERROR] API Error (validate_token): TypeError: Failed to fetch
    at window.fetch (https://billing.tridigitals.com/node_modules/@sveltejs/kit/src/runtime/client/fetcher.js?v=a1ff02f4:66:10)
    at safeInvoke (https://billing.tridigitals.com/src/lib/api/core.ts:655:26)
    at Object.validateToken (https://billing.tridigitals.com/src/lib/api/auth.ts:8:29)
    at run (https://billing.tridigitals.com/src/lib/stores/auth.ts:208:32)
    at async Module.track_reactivity_loss (https://billing.tridigitals.com/node_modules/.vite/deps/chunk-EUQQR2VU.js?v=a1ff02f4:1642:15)
    at async keepSessionAliveIfActive (https://billing.tridigitals.com/src/routes/+layout.svelte?t=1778165634682:135:5) @ https://billing.tridigitals.com/src/lib/api/core.ts:726
[ 7065081ms] [ERROR] WebSocket connection to 'wss://api-isp-management.tridigitals.com/api/ws' failed: Error during WebSocket handshake: Unexpected response code: 502 @ https://billing.tridigitals.com/src/lib/stores/websocket.ts?t=1778165634682:89
[ 7065081ms] [ERROR] [WS] Error: Event @ https://billing.tridigitals.com/src/lib/stores/websocket.ts?t=1778165634682:108
[ 7069418ms] [ERROR] WebSocket connection to 'wss://api-isp-management.tridigitals.com/api/ws' failed: Error during WebSocket handshake: Unexpected response code: 502 @ https://billing.tridigitals.com/src/lib/stores/websocket.ts?t=1778165634682:89
[ 7069418ms] [ERROR] [WS] Error: Event @ https://billing.tridigitals.com/src/lib/stores/websocket.ts?t=1778165634682:108
[ 7070785ms] [WARNING] WebSocket connection to 'wss://api-isp-management.tridigitals.com/api/ws' failed: WebSocket is closed before the connection is established. @ https://billing.tridigitals.com/src/lib/stores/websocket.ts?t=1778165634682:306
[ 7070791ms] [ERROR] Access to fetch at 'https://api-isp-management.tridigitals.com/api/settings/logo' from origin 'https://billing.tridigitals.com' has been blocked by CORS policy: Response to preflight request doesn't pass access control check: No 'Access-Control-Allow-Origin' header is present on the requested resource. @ https://billing.tridigitals.com/notifications:0
[ 7070792ms] [ERROR] Failed to load resource: net::ERR_FAILED @ https://api-isp-management.tridigitals.com/api/settings/logo:0
[ 7070792ms] [ERROR] API Error (get_logo): TypeError: Failed to fetch
    at window.fetch (https://billing.tridigitals.com/node_modules/@sveltejs/kit/src/runtime/client/fetcher.js?v=a1ff02f4:66:10)
    at safeInvoke (https://billing.tridigitals.com/src/lib/api/core.ts?t=1778171874684:659:26)
    at Object.getLogo (https://billing.tridigitals.com/src/lib/api/settings.ts?t=1778171874684:11:23)
    at Object.refresh (https://billing.tridigitals.com/src/lib/stores/logo.ts?t=1778171874684:54:40)
    at https://billing.tridigitals.com/src/lib/stores/auth.ts?t=1778171874684:71:19 @ https://billing.tridigitals.com/src/lib/api/core.ts?t=1778171874684:730
[ 7070793ms] [ERROR] [LogoStore] Failed to load logo: TypeError: Failed to fetch
    at window.fetch (https://billing.tridigitals.com/node_modules/@sveltejs/kit/src/runtime/client/fetcher.js?v=a1ff02f4:66:10)
    at safeInvoke (https://billing.tridigitals.com/src/lib/api/core.ts?t=1778171874684:659:26)
    at Object.getLogo (https://billing.tridigitals.com/src/lib/api/settings.ts?t=1778171874684:11:23)
    at Object.refresh (https://billing.tridigitals.com/src/lib/stores/logo.ts?t=1778171874684:54:40)
    at https://billing.tridigitals.com/src/lib/stores/auth.ts?t=1778171874684:71:19 @ https://billing.tridigitals.com/src/lib/stores/logo.ts?t=1778171874684:61
[ 7070794ms] [ERROR] Access to fetch at 'https://api-isp-management.tridigitals.com/api/auth/settings' from origin 'https://billing.tridigitals.com' has been blocked by CORS policy: Response to preflight request doesn't pass access control check: No 'Access-Control-Allow-Origin' header is present on the requested resource. @ https://billing.tridigitals.com/notifications:0
[ 7070794ms] [ERROR] Failed to load resource: net::ERR_FAILED @ https://api-isp-management.tridigitals.com/api/auth/settings:0
[ 7070794ms] [ERROR] API Error (get_auth_settings): TypeError: Failed to fetch
    at window.fetch (https://billing.tridigitals.com/node_modules/@sveltejs/kit/src/runtime/client/fetcher.js?v=a1ff02f4:66:10)
    at safeInvoke (https://billing.tridigitals.com/src/lib/api/core.ts?t=1778171874684:659:26)
    at Object.getAuthSettings (https://billing.tridigitals.com/src/lib/api/settings.ts?t=1778171874684:5:26)
    at https://billing.tridigitals.com/src/lib/stores/settings.ts?t=1778171874684:44:23
    at loadSettings (https://billing.tridigitals.com/src/lib/stores/settings.ts?t=1778171874684:78:7)
    at Object.refresh (https://billing.tridigitals.com/src/lib/stores/settings.ts?t=1778171874684:89:13)
    at https://billing.tridigitals.com/src/lib/stores/auth.ts?t=1778171874684:72:23 @ https://billing.tridigitals.com/src/lib/api/core.ts?t=1778171874684:730
[ 7070796ms] [ERROR] Access to fetch at 'https://api-isp-management.tridigitals.com/api/settings/public' from origin 'https://billing.tridigitals.com' has been blocked by CORS policy: Response to preflight request doesn't pass access control check: No 'Access-Control-Allow-Origin' header is present on the requested resource. @ https://billing.tridigitals.com/notifications:0
[ 7070796ms] [ERROR] Failed to load resource: net::ERR_FAILED @ https://api-isp-management.tridigitals.com/api/settings/public:0
[ 7070796ms] [ERROR] API Error (get_public_settings): TypeError: Failed to fetch
    at window.fetch (https://billing.tridigitals.com/node_modules/@sveltejs/kit/src/runtime/client/fetcher.js?v=a1ff02f4:66:10)
    at safeInvoke (https://billing.tridigitals.com/src/lib/api/core.ts?t=1778171874684:659:26)
    at Object.getPublicSettings (https://billing.tridigitals.com/src/lib/api/settings.ts?t=1778171874684:4:28)
    at https://billing.tridigitals.com/src/lib/stores/settings.ts?t=1778171874684:45:23
    at loadSettings (https://billing.tridigitals.com/src/lib/stores/settings.ts?t=1778171874684:78:7)
    at Object.refresh (https://billing.tridigitals.com/src/lib/stores/settings.ts?t=1778171874684:89:13)
    at https://billing.tridigitals.com/src/lib/stores/auth.ts?t=1778171874684:72:23 @ https://billing.tridigitals.com/src/lib/api/core.ts?t=1778171874684:730
[ 7070797ms] [ERROR] Access to fetch at 'https://api-isp-management.tridigitals.com/api/version' from origin 'https://billing.tridigitals.com' has been blocked by CORS policy: Response to preflight request doesn't pass access control check: No 'Access-Control-Allow-Origin' header is present on the requested resource. @ https://billing.tridigitals.com/notifications:0
[ 7070798ms] [ERROR] Failed to load resource: net::ERR_FAILED @ https://api-isp-management.tridigitals.com/api/version:0
[ 7070798ms] [ERROR] API Error (get_app_version): TypeError: Failed to fetch
    at window.fetch (https://billing.tridigitals.com/node_modules/@sveltejs/kit/src/runtime/client/fetcher.js?v=a1ff02f4:66:10)
    at safeInvoke (https://billing.tridigitals.com/src/lib/api/core.ts?t=1778171874684:659:26)
    at Object.getAppVersion (https://billing.tridigitals.com/src/lib/api/settings.ts?t=1778171874684:16:23)
    at https://billing.tridigitals.com/src/lib/stores/settings.ts?t=1778171874684:47:23
    at loadSettings (https://billing.tridigitals.com/src/lib/stores/settings.ts?t=1778171874684:78:7)
    at Object.refresh (https://billing.tridigitals.com/src/lib/stores/settings.ts?t=1778171874684:89:13)
    at https://billing.tridigitals.com/src/lib/stores/auth.ts?t=1778171874684:72:23 @ https://billing.tridigitals.com/src/lib/api/core.ts?t=1778171874684:730
[ 7070803ms] [ERROR] [WS] Error: Event @ https://billing.tridigitals.com/src/lib/stores/websocket.ts?t=1778165634682:108
[ 7070859ms] [ERROR] Access to fetch at 'https://api-isp-management.tridigitals.com/api/auth/validate' from origin 'https://billing.tridigitals.com' has been blocked by CORS policy: Response to preflight request doesn't pass access control check: No 'Access-Control-Allow-Origin' header is present on the requested resource. @ https://billing.tridigitals.com/notifications:0
[ 7070859ms] [ERROR] Failed to load resource: net::ERR_FAILED @ https://api-isp-management.tridigitals.com/api/auth/validate:0
[ 7070860ms] [ERROR] API Error (validate_token): TypeError: Failed to fetch
    at window.fetch (https://billing.tridigitals.com/node_modules/@sveltejs/kit/src/runtime/client/fetcher.js?v=a1ff02f4:66:10)
    at safeInvoke (https://billing.tridigitals.com/src/lib/api/core.ts?t=1778171874684:659:26)
    at Object.validateToken (https://billing.tridigitals.com/src/lib/api/auth.ts?t=1778171874684:8:29)
    at run (https://billing.tridigitals.com/src/lib/stores/auth.ts?t=1778171874684:208:32)
    at async Promise.all (index 0)
    at async Module.track_reactivity_loss (https://billing.tridigitals.com/node_modules/.vite/deps/chunk-EUQQR2VU.js?v=a1ff02f4:1642:15)
    at async https://billing.tridigitals.com/src/routes/+layout.svelte?t=1778171874684:345:35 @ https://billing.tridigitals.com/src/lib/api/core.ts?t=1778171874684:730
[ 7070862ms] [ERROR] Access to fetch at 'https://api-isp-management.tridigitals.com/api/install/check' from origin 'https://billing.tridigitals.com' has been blocked by CORS policy: Response to preflight request doesn't pass access control check: No 'Access-Control-Allow-Origin' header is present on the requested resource. @ https://billing.tridigitals.com/notifications:0
[ 7070862ms] [ERROR] Failed to load resource: net::ERR_FAILED @ https://api-isp-management.tridigitals.com/api/install/check:0
[ 7070862ms] [ERROR] API Error (is_installed): TypeError: Failed to fetch
    at window.fetch (https://billing.tridigitals.com/node_modules/@sveltejs/kit/src/runtime/client/fetcher.js?v=a1ff02f4:66:10)
    at safeInvoke (https://billing.tridigitals.com/src/lib/api/core.ts?t=1778171874684:659:26)
    at Object.checkIsInstalled (https://billing.tridigitals.com/src/lib/api/install.ts?t=1778171874684:4:23)
    at checkInstallationStatus (https://billing.tridigitals.com/src/routes/+layout.svelte?t=1778171874684:282:18)
    at async Promise.all (index 1)
    at async Module.track_reactivity_loss (https://billing.tridigitals.com/node_modules/.vite/deps/chunk-EUQQR2VU.js?v=a1ff02f4:1642:15)
    at async https://billing.tridigitals.com/src/routes/+layout.svelte?t=1778171874684:345:35 @ https://billing.tridigitals.com/src/lib/api/core.ts?t=1778171874684:730
[ 7070863ms] [ERROR] Critical Error during app initialization in +layout.svelte: TypeError: Failed to fetch
    at window.fetch (https://billing.tridigitals.com/node_modules/@sveltejs/kit/src/runtime/client/fetcher.js?v=a1ff02f4:66:10)
    at safeInvoke (https://billing.tridigitals.com/src/lib/api/core.ts?t=1778171874684:659:26)
    at Object.checkIsInstalled (https://billing.tridigitals.com/src/lib/api/install.ts?t=1778171874684:4:23)
    at checkInstallationStatus (https://billing.tridigitals.com/src/routes/+layout.svelte?t=1778171874684:282:18)
    at async Promise.all (index 1)
    at async Module.track_reactivity_loss (https://billing.tridigitals.com/node_modules/.vite/deps/chunk-EUQQR2VU.js?v=a1ff02f4:1642:15)
    at async https://billing.tridigitals.com/src/routes/+layout.svelte?t=1778171874684:345:35 @ https://billing.tridigitals.com/src/routes/+layout.svelte?t=1778171874684:374
[ 7070945ms] [ERROR] Access to fetch at 'https://api-isp-management.tridigitals.com/api/notifications?page=1&per_page=20' from origin 'https://billing.tridigitals.com' has been blocked by CORS policy: Response to preflight request doesn't pass access control check: No 'Access-Control-Allow-Origin' header is present on the requested resource. @ https://billing.tridigitals.com/notifications:0
[ 7070945ms] [ERROR] Failed to load resource: net::ERR_FAILED @ https://api-isp-management.tridigitals.com/api/notifications?page=1&per_page=20:0
[ 7070945ms] [ERROR] API Error (list_notifications): TypeError: Failed to fetch
    at window.fetch (https://billing.tridigitals.com/node_modules/@sveltejs/kit/src/runtime/client/fetcher.js?v=a1ff02f4:66:10)
    at safeInvoke (https://billing.tridigitals.com/src/lib/api/core.ts?t=1778171874684:659:26)
    at Object.list (https://billing.tridigitals.com/src/lib/api/notifications.ts?t=1778171874684:3:28)
    at Object.loadNotifications (https://billing.tridigitals.com/src/lib/stores/notifications.ts?t=1778171874684:36:27)
    at https://billing.tridigitals.com/src/lib/bootstrap/rootRealtimeController.ts:19:23
    at async Module.track_reactivity_loss (https://billing.tridigitals.com/node_modules/.vite/deps/chunk-EUQQR2VU.js?v=a1ff02f4:1642:15)
    at async syncRealtimeConnections (https://billing.tridigitals.com/src/routes/+layout.svelte?t=1778171874684:270:4) @ https://billing.tridigitals.com/src/lib/api/core.ts?t=1778171874684:730
[ 7070946ms] [ERROR] Failed to load notifications: TypeError: Failed to fetch
    at window.fetch (https://billing.tridigitals.com/node_modules/@sveltejs/kit/src/runtime/client/fetcher.js?v=a1ff02f4:66:10)
    at safeInvoke (https://billing.tridigitals.com/src/lib/api/core.ts?t=1778171874684:659:26)
    at Object.list (https://billing.tridigitals.com/src/lib/api/notifications.ts?t=1778171874684:3:28)
    at Object.loadNotifications (https://billing.tridigitals.com/src/lib/stores/notifications.ts?t=1778171874684:36:27)
    at https://billing.tridigitals.com/src/lib/bootstrap/rootRealtimeController.ts:19:23
    at async Module.track_reactivity_loss (https://billing.tridigitals.com/node_modules/.vite/deps/chunk-EUQQR2VU.js?v=a1ff02f4:1642:15)
    at async syncRealtimeConnections (https://billing.tridigitals.com/src/routes/+layout.svelte?t=1778171874684:270:4) @ https://billing.tridigitals.com/src/lib/stores/notifications.ts?t=1778171874684:50
[ 7070976ms] [ERROR] Access to fetch at 'https://api-isp-management.tridigitals.com/api/announcements/active' from origin 'https://billing.tridigitals.com' has been blocked by CORS policy: Response to preflight request doesn't pass access control check: No 'Access-Control-Allow-Origin' header is present on the requested resource. @ https://billing.tridigitals.com/notifications:0
[ 7070977ms] [ERROR] Failed to load resource: net::ERR_FAILED @ https://api-isp-management.tridigitals.com/api/announcements/active:0
[ 7070977ms] [ERROR] API Error (list_active_announcements): TypeError: Failed to fetch
    at window.fetch (https://billing.tridigitals.com/node_modules/@sveltejs/kit/src/runtime/client/fetcher.js?v=a1ff02f4:66:10)
    at safeInvoke (https://billing.tridigitals.com/src/lib/api/core.ts?t=1778171874684:659:26)
    at Object.listActive (https://billing.tridigitals.com/src/lib/api/announcements.ts?t=1778171874684:3:21)
    at loadActiveAnnouncements (https://billing.tridigitals.com/src/lib/stores/announcements.ts?t=1778171874684:8:42)
    at https://billing.tridigitals.com/src/lib/components/layout/AnnouncementBanner.svelte?t=1778171874684:80:8
    at untrack (https://billing.tridigitals.com/node_modules/.vite/deps/chunk-EUQQR2VU.js?v=a1ff02f4:3830:12)
    at $effect (https://billing.tridigitals.com/node_modules/.vite/deps/chunk-JE4MGW45.js?v=a1ff02f4:4431:23)
    at update_reaction (https://billing.tridigitals.com/node_modules/.vite/deps/chunk-EUQQR2VU.js?v=a1ff02f4:3535:18)
    at update_effect (https://billing.tridigitals.com/node_modules/.vite/deps/chunk-EUQQR2VU.js?v=a1ff02f4:3673:21)
    at flush_queued_effects (https://billing.tridigitals.com/node_modules/.vite/deps/chunk-EUQQR2VU.js?v=a1ff02f4:2652:7) @ https://billing.tridigitals.com/src/lib/api/core.ts?t=1778171874684:730
[ 7070978ms] [WARNING] Failed to load announcements: TypeError: Failed to fetch
    at window.fetch (https://billing.tridigitals.com/node_modules/@sveltejs/kit/src/runtime/client/fetcher.js?v=a1ff02f4:66:10)
    at safeInvoke (https://billing.tridigitals.com/src/lib/api/core.ts?t=1778171874684:659:26)
    at Object.listActive (https://billing.tridigitals.com/src/lib/api/announcements.ts?t=1778171874684:3:21)
    at loadActiveAnnouncements (https://billing.tridigitals.com/src/lib/stores/announcements.ts?t=1778171874684:8:42)
    at https://billing.tridigitals.com/src/lib/components/layout/AnnouncementBanner.svelte?t=1778171874684:80:8
    at untrack (https://billing.tridigitals.com/node_modules/.vite/deps/chunk-EUQQR2VU.js?v=a1ff02f4:3830:12)
    at $effect (https://billing.tridigitals.com/node_modules/.vite/deps/chunk-JE4MGW45.js?v=a1ff02f4:4431:23)
    at update_reaction (https://billing.tridigitals.com/node_modules/.vite/deps/chunk-EUQQR2VU.js?v=a1ff02f4:3535:18)
    at update_effect (https://billing.tridigitals.com/node_modules/.vite/deps/chunk-EUQQR2VU.js?v=a1ff02f4:3673:21)
    at flush_queued_effects (https://billing.tridigitals.com/node_modules/.vite/deps/chunk-EUQQR2VU.js?v=a1ff02f4:2652:7) @ https://billing.tridigitals.com/node_modules/@sveltejs/kit/src/runtime/client/client.js?v=a1ff02f4:3208
[ 7070979ms] [ERROR] Access to fetch at 'https://api-isp-management.tridigitals.com/api/notifications?page=1&per_page=20' from origin 'https://billing.tridigitals.com' has been blocked by CORS policy: Response to preflight request doesn't pass access control check: No 'Access-Control-Allow-Origin' header is present on the requested resource. @ https://billing.tridigitals.com/notifications:0
[ 7070980ms] [ERROR] Failed to load resource: net::ERR_FAILED @ https://api-isp-management.tridigitals.com/api/notifications?page=1&per_page=20:0
[ 7070980ms] [ERROR] API Error (list_notifications): TypeError: Failed to fetch
    at window.fetch (https://billing.tridigitals.com/node_modules/@sveltejs/kit/src/runtime/client/fetcher.js?v=a1ff02f4:66:10)
    at safeInvoke (https://billing.tridigitals.com/src/lib/api/core.ts?t=1778171874684:659:26)
    at Object.list (https://billing.tridigitals.com/src/lib/api/notifications.ts?t=1778171874684:3:28)
    at loadNotifications (https://billing.tridigitals.com/src/lib/stores/notifications.ts?t=1778171874684:36:27)
    at https://billing.tridigitals.com/src/routes/(app)/notifications/+page.svelte?t=1778171874684:147:34
    at untrack (https://billing.tridigitals.com/node_modules/.vite/deps/chunk-EUQQR2VU.js?v=a1ff02f4:3830:12)
    at $effect (https://billing.tridigitals.com/node_modules/.vite/deps/chunk-JE4MGW45.js?v=a1ff02f4:4431:23)
    at update_reaction (https://billing.tridigitals.com/node_modules/.vite/deps/chunk-EUQQR2VU.js?v=a1ff02f4:3535:18)
    at update_effect (https://billing.tridigitals.com/node_modules/.vite/deps/chunk-EUQQR2VU.js?v=a1ff02f4:3673:21)
    at flush_queued_effects (https://billing.tridigitals.com/node_modules/.vite/deps/chunk-EUQQR2VU.js?v=a1ff02f4:2652:7) @ https://billing.tridigitals.com/src/lib/api/core.ts?t=1778171874684:730
[ 7070982ms] [ERROR] Failed to load notifications: TypeError: Failed to fetch
    at window.fetch (https://billing.tridigitals.com/node_modules/@sveltejs/kit/src/runtime/client/fetcher.js?v=a1ff02f4:66:10)
    at safeInvoke (https://billing.tridigitals.com/src/lib/api/core.ts?t=1778171874684:659:26)
    at Object.list (https://billing.tridigitals.com/src/lib/api/notifications.ts?t=1778171874684:3:28)
    at loadNotifications (https://billing.tridigitals.com/src/lib/stores/notifications.ts?t=1778171874684:36:27)
    at https://billing.tridigitals.com/src/routes/(app)/notifications/+page.svelte?t=1778171874684:147:34
    at untrack (https://billing.tridigitals.com/node_modules/.vite/deps/chunk-EUQQR2VU.js?v=a1ff02f4:3830:12)
    at $effect (https://billing.tridigitals.com/node_modules/.vite/deps/chunk-JE4MGW45.js?v=a1ff02f4:4431:23)
    at update_reaction (https://billing.tridigitals.com/node_modules/.vite/deps/chunk-EUQQR2VU.js?v=a1ff02f4:3535:18)
    at update_effect (https://billing.tridigitals.com/node_modules/.vite/deps/chunk-EUQQR2VU.js?v=a1ff02f4:3673:21)
    at flush_queued_effects (https://billing.tridigitals.com/node_modules/.vite/deps/chunk-EUQQR2VU.js?v=a1ff02f4:2652:7) @ https://billing.tridigitals.com/src/lib/stores/notifications.ts?t=1778171874684:50
[ 7070985ms] [ERROR] Access to fetch at 'https://api-isp-management.tridigitals.com/api/notifications/unread-count' from origin 'https://billing.tridigitals.com' has been blocked by CORS policy: Response to preflight request doesn't pass access control check: No 'Access-Control-Allow-Origin' header is present on the requested resource. @ https://billing.tridigitals.com/notifications:0
[ 7070985ms] [ERROR] Failed to load resource: net::ERR_FAILED @ https://api-isp-management.tridigitals.com/api/notifications/unread-count:0
[ 7070986ms] [ERROR] API Error (get_unread_count): TypeError: Failed to fetch
    at window.fetch (https://billing.tridigitals.com/node_modules/@sveltejs/kit/src/runtime/client/fetcher.js?v=a1ff02f4:66:10)
    at safeInvoke (https://billing.tridigitals.com/src/lib/api/core.ts?t=1778171874684:659:26)
    at Object.getUnreadCount (https://billing.tridigitals.com/src/lib/api/notifications.ts?t=1778171874684:4:25)
    at Object.refreshUnreadCount (https://billing.tridigitals.com/src/lib/stores/notifications.ts?t=1778171874684:60:27)
    at https://billing.tridigitals.com/src/lib/bootstrap/rootRealtimeController.ts:20:17
    at async Module.track_reactivity_loss (https://billing.tridigitals.com/node_modules/.vite/deps/chunk-EUQQR2VU.js?v=a1ff02f4:1642:15)
    at async syncRealtimeConnections (https://billing.tridigitals.com/src/routes/+layout.svelte?t=1778171874684:270:4) @ https://billing.tridigitals.com/src/lib/api/core.ts?t=1778171874684:730
[ 7070987ms] [ERROR] Failed to get unread count: TypeError: Failed to fetch
    at window.fetch (https://billing.tridigitals.com/node_modules/@sveltejs/kit/src/runtime/client/fetcher.js?v=a1ff02f4:66:10)
    at safeInvoke (https://billing.tridigitals.com/src/lib/api/core.ts?t=1778171874684:659:26)
    at Object.getUnreadCount (https://billing.tridigitals.com/src/lib/api/notifications.ts?t=1778171874684:4:25)
    at Object.refreshUnreadCount (https://billing.tridigitals.com/src/lib/stores/notifications.ts?t=1778171874684:60:27)
    at https://billing.tridigitals.com/src/lib/bootstrap/rootRealtimeController.ts:20:17
    at async Module.track_reactivity_loss (https://billing.tridigitals.com/node_modules/.vite/deps/chunk-EUQQR2VU.js?v=a1ff02f4:1642:15)
    at async syncRealtimeConnections (https://billing.tridigitals.com/src/routes/+layout.svelte?t=1778171874684:270:4) @ https://billing.tridigitals.com/src/lib/stores/notifications.ts?t=1778171874684:65
[ 7071035ms] [ERROR] Access to fetch at 'https://api-isp-management.tridigitals.com/api/notifications/unread-count' from origin 'https://billing.tridigitals.com' has been blocked by CORS policy: Response to preflight request doesn't pass access control check: No 'Access-Control-Allow-Origin' header is present on the requested resource. @ https://billing.tridigitals.com/notifications:0
[ 7071036ms] [ERROR] Failed to load resource: net::ERR_FAILED @ https://api-isp-management.tridigitals.com/api/notifications/unread-count:0
[ 7071036ms] [ERROR] API Error (get_unread_count): TypeError: Failed to fetch
    at window.fetch (https://billing.tridigitals.com/node_modules/@sveltejs/kit/src/runtime/client/fetcher.js?v=a1ff02f4:66:10)
    at safeInvoke (https://billing.tridigitals.com/src/lib/api/core.ts?t=1778171874684:659:26)
    at Object.getUnreadCount (https://billing.tridigitals.com/src/lib/api/notifications.ts?t=1778171874684:4:25)
    at refreshUnreadCount (https://billing.tridigitals.com/src/lib/stores/notifications.ts?t=1778171874684:60:27)
    at https://billing.tridigitals.com/src/routes/(app)/notifications/+page.svelte?t=1778171874684:160:34 @ https://billing.tridigitals.com/src/lib/api/core.ts?t=1778171874684:730
[ 7071037ms] [ERROR] Failed to get unread count: TypeError: Failed to fetch
    at window.fetch (https://billing.tridigitals.com/node_modules/@sveltejs/kit/src/runtime/client/fetcher.js?v=a1ff02f4:66:10)
    at safeInvoke (https://billing.tridigitals.com/src/lib/api/core.ts?t=1778171874684:659:26)
    at Object.getUnreadCount (https://billing.tridigitals.com/src/lib/api/notifications.ts?t=1778171874684:4:25)
    at refreshUnreadCount (https://billing.tridigitals.com/src/lib/stores/notifications.ts?t=1778171874684:60:27)
    at https://billing.tridigitals.com/src/routes/(app)/notifications/+page.svelte?t=1778171874684:160:34 @ https://billing.tridigitals.com/src/lib/stores/notifications.ts?t=1778171874684:65
[ 7072144ms] [ERROR] WebSocket connection to 'wss://api-isp-management.tridigitals.com/api/ws' failed: Error during WebSocket handshake: Unexpected response code: 502 @ https://billing.tridigitals.com/src/lib/stores/websocket.ts?t=1778171874684:89
[ 7072145ms] [ERROR] [WS] Error: Event @ https://billing.tridigitals.com/src/lib/stores/websocket.ts?t=1778171874684:108
[ 7076706ms] [ERROR] WebSocket connection to 'wss://api-isp-management.tridigitals.com/api/ws' failed: Error during WebSocket handshake: Unexpected response code: 502 @ https://billing.tridigitals.com/src/lib/stores/websocket.ts?t=1778165634682:89
[ 7076706ms] [ERROR] [WS] Error: Event @ https://billing.tridigitals.com/src/lib/stores/websocket.ts?t=1778165634682:108
[ 7078188ms] [ERROR] WebSocket connection to 'wss://api-isp-management.tridigitals.com/api/ws' failed: Error during WebSocket handshake: Unexpected response code: 502 @ https://billing.tridigitals.com/src/lib/stores/websocket.ts?t=1778171874684:89
[ 7078188ms] [ERROR] [WS] Error: Event @ https://billing.tridigitals.com/src/lib/stores/websocket.ts?t=1778171874684:108
[ 7090805ms] [ERROR] WebSocket connection to 'wss://api-isp-management.tridigitals.com/api/ws' failed: Error during WebSocket handshake: Unexpected response code: 502 @ https://billing.tridigitals.com/src/lib/stores/websocket.ts?t=1778165634682:89
[ 7090805ms] [ERROR] [WS] Error: Event @ https://billing.tridigitals.com/src/lib/stores/websocket.ts?t=1778165634682:108
[ 7091529ms] [ERROR] Access to fetch at 'https://api-isp-management.tridigitals.com/api/install/check' from origin 'https://billing.tridigitals.com' has been blocked by CORS policy: Response to preflight request doesn't pass access control check: No 'Access-Control-Allow-Origin' header is present on the requested resource. @ https://billing.tridigitals.com/notifications:0
[ 7091529ms] [ERROR] Failed to load resource: net::ERR_FAILED @ https://api-isp-management.tridigitals.com/api/install/check:0
[ 7091530ms] [ERROR] API Error (is_installed): TypeError: Failed to fetch
    at window.fetch (https://billing.tridigitals.com/node_modules/@sveltejs/kit/src/runtime/client/fetcher.js?v=a1ff02f4:66:10)
    at safeInvoke (https://billing.tridigitals.com/src/lib/api/core.ts?t=1778171874684:659:26)
    at Object.checkIsInstalled (https://billing.tridigitals.com/src/lib/api/install.ts?t=1778171874684:4:23)
    at checkInstallationStatus (https://billing.tridigitals.com/src/routes/+layout.svelte?t=1778171895788:282:18)
    at async Promise.all (index 1)
    at async Module.track_reactivity_loss (https://billing.tridigitals.com/node_modules/.vite/deps/chunk-EUQQR2VU.js?v=a1ff02f4:1642:15)
    at async https://billing.tridigitals.com/src/routes/+layout.svelte?t=1778171895788:345:35 @ https://billing.tridigitals.com/src/lib/api/core.ts?t=1778171874684:730
[ 7091530ms] [ERROR] Critical Error during app initialization in +layout.svelte: TypeError: Failed to fetch
    at window.fetch (https://billing.tridigitals.com/node_modules/@sveltejs/kit/src/runtime/client/fetcher.js?v=a1ff02f4:66:10)
    at safeInvoke (https://billing.tridigitals.com/src/lib/api/core.ts?t=1778171874684:659:26)
    at Object.checkIsInstalled (https://billing.tridigitals.com/src/lib/api/install.ts?t=1778171874684:4:23)
    at checkInstallationStatus (https://billing.tridigitals.com/src/routes/+layout.svelte?t=1778171895788:282:18)
    at async Promise.all (index 1)
    at async Module.track_reactivity_loss (https://billing.tridigitals.com/node_modules/.vite/deps/chunk-EUQQR2VU.js?v=a1ff02f4:1642:15)
    at async https://billing.tridigitals.com/src/routes/+layout.svelte?t=1778171895788:345:35 @ https://billing.tridigitals.com/src/routes/+layout.svelte?t=1778171895788:374
[ 7091576ms] [ERROR] Access to fetch at 'https://api-isp-management.tridigitals.com/api/announcements/active' from origin 'https://billing.tridigitals.com' has been blocked by CORS policy: Response to preflight request doesn't pass access control check: No 'Access-Control-Allow-Origin' header is present on the requested resource. @ https://billing.tridigitals.com/notifications:0
[ 7091579ms] [ERROR] Failed to load resource: net::ERR_FAILED @ https://api-isp-management.tridigitals.com/api/announcements/active:0
[ 7091580ms] [ERROR] API Error (list_active_announcements): TypeError: Failed to fetch
    at window.fetch (https://billing.tridigitals.com/node_modules/@sveltejs/kit/src/runtime/client/fetcher.js?v=a1ff02f4:66:10)
    at safeInvoke (https://billing.tridigitals.com/src/lib/api/core.ts?t=1778171874684:659:26)
    at Object.listActive (https://billing.tridigitals.com/src/lib/api/announcements.ts?t=1778171874684:3:21)
    at loadActiveAnnouncements (https://billing.tridigitals.com/src/lib/stores/announcements.ts?t=1778171874684:8:42)
    at https://billing.tridigitals.com/src/lib/components/layout/AnnouncementBanner.svelte?t=1778171874684:80:8
    at untrack (https://billing.tridigitals.com/node_modules/.vite/deps/chunk-EUQQR2VU.js?v=a1ff02f4:3830:12)
    at $effect (https://billing.tridigitals.com/node_modules/.vite/deps/chunk-JE4MGW45.js?v=a1ff02f4:4431:23)
    at update_reaction (https://billing.tridigitals.com/node_modules/.vite/deps/chunk-EUQQR2VU.js?v=a1ff02f4:3535:18)
    at update_effect (https://billing.tridigitals.com/node_modules/.vite/deps/chunk-EUQQR2VU.js?v=a1ff02f4:3673:21)
    at flush_queued_effects (https://billing.tridigitals.com/node_modules/.vite/deps/chunk-EUQQR2VU.js?v=a1ff02f4:2652:7) @ https://billing.tridigitals.com/src/lib/api/core.ts?t=1778171874684:730
[ 7091580ms] [WARNING] Failed to load announcements: TypeError: Failed to fetch
    at window.fetch (https://billing.tridigitals.com/node_modules/@sveltejs/kit/src/runtime/client/fetcher.js?v=a1ff02f4:66:10)
    at safeInvoke (https://billing.tridigitals.com/src/lib/api/core.ts?t=1778171874684:659:26)
    at Object.listActive (https://billing.tridigitals.com/src/lib/api/announcements.ts?t=1778171874684:3:21)
    at loadActiveAnnouncements (https://billing.tridigitals.com/src/lib/stores/announcements.ts?t=1778171874684:8:42)
    at https://billing.tridigitals.com/src/lib/components/layout/AnnouncementBanner.svelte?t=1778171874684:80:8
    at untrack (https://billing.tridigitals.com/node_modules/.vite/deps/chunk-EUQQR2VU.js?v=a1ff02f4:3830:12)
    at $effect (https://billing.tridigitals.com/node_modules/.vite/deps/chunk-JE4MGW45.js?v=a1ff02f4:4431:23)
    at update_reaction (https://billing.tridigitals.com/node_modules/.vite/deps/chunk-EUQQR2VU.js?v=a1ff02f4:3535:18)
    at update_effect (https://billing.tridigitals.com/node_modules/.vite/deps/chunk-EUQQR2VU.js?v=a1ff02f4:3673:21)
    at flush_queued_effects (https://billing.tridigitals.com/node_modules/.vite/deps/chunk-EUQQR2VU.js?v=a1ff02f4:2652:7) @ https://billing.tridigitals.com/node_modules/@sveltejs/kit/src/runtime/client/client.js?v=a1ff02f4:3208
[ 7091581ms] [ERROR] Access to fetch at 'https://api-isp-management.tridigitals.com/api/notifications?page=1&per_page=20' from origin 'https://billing.tridigitals.com' has been blocked by CORS policy: Response to preflight request doesn't pass access control check: No 'Access-Control-Allow-Origin' header is present on the requested resource. @ https://billing.tridigitals.com/notifications:0
[ 7091582ms] [ERROR] Failed to load resource: net::ERR_FAILED @ https://api-isp-management.tridigitals.com/api/notifications?page=1&per_page=20:0
[ 7091582ms] [ERROR] API Error (list_notifications): TypeError: Failed to fetch
    at window.fetch (https://billing.tridigitals.com/node_modules/@sveltejs/kit/src/runtime/client/fetcher.js?v=a1ff02f4:66:10)
    at safeInvoke (https://billing.tridigitals.com/src/lib/api/core.ts?t=1778171874684:659:26)
    at Object.list (https://billing.tridigitals.com/src/lib/api/notifications.ts?t=1778171874684:3:28)
    at loadNotifications (https://billing.tridigitals.com/src/lib/stores/notifications.ts?t=1778171895788:36:27)
    at https://billing.tridigitals.com/src/routes/(app)/notifications/+page.svelte?t=1778171895788:147:34
    at untrack (https://billing.tridigitals.com/node_modules/.vite/deps/chunk-EUQQR2VU.js?v=a1ff02f4:3830:12)
    at $effect (https://billing.tridigitals.com/node_modules/.vite/deps/chunk-JE4MGW45.js?v=a1ff02f4:4431:23)
    at update_reaction (https://billing.tridigitals.com/node_modules/.vite/deps/chunk-EUQQR2VU.js?v=a1ff02f4:3535:18)
    at update_effect (https://billing.tridigitals.com/node_modules/.vite/deps/chunk-EUQQR2VU.js?v=a1ff02f4:3673:21)
    at flush_queued_effects (https://billing.tridigitals.com/node_modules/.vite/deps/chunk-EUQQR2VU.js?v=a1ff02f4:2652:7) @ https://billing.tridigitals.com/src/lib/api/core.ts?t=1778171874684:730
[ 7091583ms] [ERROR] Failed to load notifications: TypeError: Failed to fetch
    at window.fetch (https://billing.tridigitals.com/node_modules/@sveltejs/kit/src/runtime/client/fetcher.js?v=a1ff02f4:66:10)
    at safeInvoke (https://billing.tridigitals.com/src/lib/api/core.ts?t=1778171874684:659:26)
    at Object.list (https://billing.tridigitals.com/src/lib/api/notifications.ts?t=1778171874684:3:28)
    at loadNotifications (https://billing.tridigitals.com/src/lib/stores/notifications.ts?t=1778171895788:36:27)
    at https://billing.tridigitals.com/src/routes/(app)/notifications/+page.svelte?t=1778171895788:147:34
    at untrack (https://billing.tridigitals.com/node_modules/.vite/deps/chunk-EUQQR2VU.js?v=a1ff02f4:3830:12)
    at $effect (https://billing.tridigitals.com/node_modules/.vite/deps/chunk-JE4MGW45.js?v=a1ff02f4:4431:23)
    at update_reaction (https://billing.tridigitals.com/node_modules/.vite/deps/chunk-EUQQR2VU.js?v=a1ff02f4:3535:18)
    at update_effect (https://billing.tridigitals.com/node_modules/.vite/deps/chunk-EUQQR2VU.js?v=a1ff02f4:3673:21)
    at flush_queued_effects (https://billing.tridigitals.com/node_modules/.vite/deps/chunk-EUQQR2VU.js?v=a1ff02f4:2652:7) @ https://billing.tridigitals.com/src/lib/stores/notifications.ts?t=1778171895788:50
[ 7091614ms] [ERROR] Access to fetch at 'https://api-isp-management.tridigitals.com/api/notifications/unread-count' from origin 'https://billing.tridigitals.com' has been blocked by CORS policy: Response to preflight request doesn't pass access control check: No 'Access-Control-Allow-Origin' header is present on the requested resource. @ https://billing.tridigitals.com/notifications:0
[ 7091614ms] [ERROR] Failed to load resource: net::ERR_FAILED @ https://api-isp-management.tridigitals.com/api/notifications/unread-count:0
[ 7091614ms] [ERROR] API Error (get_unread_count): TypeError: Failed to fetch
    at window.fetch (https://billing.tridigitals.com/node_modules/@sveltejs/kit/src/runtime/client/fetcher.js?v=a1ff02f4:66:10)
    at safeInvoke (https://billing.tridigitals.com/src/lib/api/core.ts?t=1778171874684:659:26)
    at Object.getUnreadCount (https://billing.tridigitals.com/src/lib/api/notifications.ts?t=1778171874684:4:25)
    at refreshUnreadCount (https://billing.tridigitals.com/src/lib/stores/notifications.ts?t=1778171895788:60:27)
    at https://billing.tridigitals.com/src/routes/(app)/notifications/+page.svelte?t=1778171895788:160:34 @ https://billing.tridigitals.com/src/lib/api/core.ts?t=1778171874684:730
[ 7091615ms] [ERROR] Failed to get unread count: TypeError: Failed to fetch
    at window.fetch (https://billing.tridigitals.com/node_modules/@sveltejs/kit/src/runtime/client/fetcher.js?v=a1ff02f4:66:10)
    at safeInvoke (https://billing.tridigitals.com/src/lib/api/core.ts?t=1778171874684:659:26)
    at Object.getUnreadCount (https://billing.tridigitals.com/src/lib/api/notifications.ts?t=1778171874684:4:25)
    at refreshUnreadCount (https://billing.tridigitals.com/src/lib/stores/notifications.ts?t=1778171895788:60:27)
    at https://billing.tridigitals.com/src/routes/(app)/notifications/+page.svelte?t=1778171895788:160:34 @ https://billing.tridigitals.com/src/lib/stores/notifications.ts?t=1778171895788:65
[ 7091626ms] [ERROR] Access to fetch at 'https://api-isp-management.tridigitals.com/api/notifications?page=1&per_page=20' from origin 'https://billing.tridigitals.com' has been blocked by CORS policy: Response to preflight request doesn't pass access control check: No 'Access-Control-Allow-Origin' header is present on the requested resource. @ https://billing.tridigitals.com/notifications:0
[ 7091626ms] [ERROR] Failed to load resource: net::ERR_FAILED @ https://api-isp-management.tridigitals.com/api/notifications?page=1&per_page=20:0
[ 7091626ms] [ERROR] API Error (list_notifications): TypeError: Failed to fetch
    at window.fetch (https://billing.tridigitals.com/node_modules/@sveltejs/kit/src/runtime/client/fetcher.js?v=a1ff02f4:66:10)
    at safeInvoke (https://billing.tridigitals.com/src/lib/api/core.ts?t=1778171874684:659:26)
    at Object.list (https://billing.tridigitals.com/src/lib/api/notifications.ts?t=1778171874684:3:28)
    at Object.loadNotifications (https://billing.tridigitals.com/src/lib/stores/notifications.ts?t=1778171895788:36:27)
    at https://billing.tridigitals.com/src/lib/bootstrap/rootRealtimeController.ts:19:23
    at async Module.track_reactivity_loss (https://billing.tridigitals.com/node_modules/.vite/deps/chunk-EUQQR2VU.js?v=a1ff02f4:1642:15)
    at async syncRealtimeConnections (https://billing.tridigitals.com/src/routes/+layout.svelte?t=1778171895788:270:4) @ https://billing.tridigitals.com/src/lib/api/core.ts?t=1778171874684:730
[ 7091627ms] [ERROR] Failed to load notifications: TypeError: Failed to fetch
    at window.fetch (https://billing.tridigitals.com/node_modules/@sveltejs/kit/src/runtime/client/fetcher.js?v=a1ff02f4:66:10)
    at safeInvoke (https://billing.tridigitals.com/src/lib/api/core.ts?t=1778171874684:659:26)
    at Object.list (https://billing.tridigitals.com/src/lib/api/notifications.ts?t=1778171874684:3:28)
    at Object.loadNotifications (https://billing.tridigitals.com/src/lib/stores/notifications.ts?t=1778171895788:36:27)
    at https://billing.tridigitals.com/src/lib/bootstrap/rootRealtimeController.ts:19:23
    at async Module.track_reactivity_loss (https://billing.tridigitals.com/node_modules/.vite/deps/chunk-EUQQR2VU.js?v=a1ff02f4:1642:15)
    at async syncRealtimeConnections (https://billing.tridigitals.com/src/routes/+layout.svelte?t=1778171895788:270:4) @ https://billing.tridigitals.com/src/lib/stores/notifications.ts?t=1778171895788:50
[ 7091654ms] [ERROR] Access to fetch at 'https://api-isp-management.tridigitals.com/api/notifications/unread-count' from origin 'https://billing.tridigitals.com' has been blocked by CORS policy: Response to preflight request doesn't pass access control check: No 'Access-Control-Allow-Origin' header is present on the requested resource. @ https://billing.tridigitals.com/notifications:0
[ 7091655ms] [ERROR] Failed to load resource: net::ERR_FAILED @ https://api-isp-management.tridigitals.com/api/notifications/unread-count:0
[ 7091655ms] [ERROR] API Error (get_unread_count): TypeError: Failed to fetch
    at window.fetch (https://billing.tridigitals.com/node_modules/@sveltejs/kit/src/runtime/client/fetcher.js?v=a1ff02f4:66:10)
    at safeInvoke (https://billing.tridigitals.com/src/lib/api/core.ts?t=1778171874684:659:26)
    at Object.getUnreadCount (https://billing.tridigitals.com/src/lib/api/notifications.ts?t=1778171874684:4:25)
    at Object.refreshUnreadCount (https://billing.tridigitals.com/src/lib/stores/notifications.ts?t=1778171895788:60:27)
    at https://billing.tridigitals.com/src/lib/bootstrap/rootRealtimeController.ts:20:17
    at async Module.track_reactivity_loss (https://billing.tridigitals.com/node_modules/.vite/deps/chunk-EUQQR2VU.js?v=a1ff02f4:1642:15)
    at async syncRealtimeConnections (https://billing.tridigitals.com/src/routes/+layout.svelte?t=1778171895788:270:4) @ https://billing.tridigitals.com/src/lib/api/core.ts?t=1778171874684:730
[ 7091655ms] [ERROR] Failed to get unread count: TypeError: Failed to fetch
    at window.fetch (https://billing.tridigitals.com/node_modules/@sveltejs/kit/src/runtime/client/fetcher.js?v=a1ff02f4:66:10)
    at safeInvoke (https://billing.tridigitals.com/src/lib/api/core.ts?t=1778171874684:659:26)
    at Object.getUnreadCount (https://billing.tridigitals.com/src/lib/api/notifications.ts?t=1778171874684:4:25)
    at Object.refreshUnreadCount (https://billing.tridigitals.com/src/lib/stores/notifications.ts?t=1778171895788:60:27)
    at https://billing.tridigitals.com/src/lib/bootstrap/rootRealtimeController.ts:20:17
    at async Module.track_reactivity_loss (https://billing.tridigitals.com/node_modules/.vite/deps/chunk-EUQQR2VU.js?v=a1ff02f4:1642:15)
    at async syncRealtimeConnections (https://billing.tridigitals.com/src/routes/+layout.svelte?t=1778171895788:270:4) @ https://billing.tridigitals.com/src/lib/stores/notifications.ts?t=1778171895788:65
[ 7093390ms] [ERROR] WebSocket connection to 'wss://api-isp-management.tridigitals.com/api/ws' failed: Error during WebSocket handshake: Unexpected response code: 502 @ https://billing.tridigitals.com/src/lib/stores/websocket.ts?t=1778171895788:89
[ 7093390ms] [ERROR] [WS] Error: Event @ https://billing.tridigitals.com/src/lib/stores/websocket.ts?t=1778171895788:108
[ 7102968ms] [ERROR] WebSocket connection to 'wss://api-isp-management.tridigitals.com/api/ws' failed: Error during WebSocket handshake: Unexpected response code: 502 @ https://billing.tridigitals.com/src/lib/stores/websocket.ts?t=1778171895788:89
[ 7102968ms] [ERROR] [WS] Error: Event @ https://billing.tridigitals.com/src/lib/stores/websocket.ts?t=1778171895788:108
[ 7121638ms] [ERROR] Access to fetch at 'https://api-isp-management.tridigitals.com/api/auth/validate' from origin 'https://billing.tridigitals.com' has been blocked by CORS policy: Response to preflight request doesn't pass access control check: No 'Access-Control-Allow-Origin' header is present on the requested resource. @ https://billing.tridigitals.com/notifications:0
[ 7121639ms] [ERROR] Failed to load resource: net::ERR_FAILED @ https://api-isp-management.tridigitals.com/api/auth/validate:0
[ 7121640ms] [ERROR] API Error (validate_token): TypeError: Failed to fetch
    at window.fetch (https://billing.tridigitals.com/node_modules/@sveltejs/kit/src/runtime/client/fetcher.js?v=a1ff02f4:66:10)
    at safeInvoke (https://billing.tridigitals.com/src/lib/api/core.ts?t=1778171874684:659:26)
    at Object.validateToken (https://billing.tridigitals.com/src/lib/api/auth.ts?t=1778171874684:8:29)
    at run (https://billing.tridigitals.com/src/lib/stores/auth.ts?t=1778171874684:208:32)
    at async Module.track_reactivity_loss (https://billing.tridigitals.com/node_modules/.vite/deps/chunk-EUQQR2VU.js?v=a1ff02f4:1642:15)
    at async keepSessionAliveIfActive (https://billing.tridigitals.com/src/routes/+layout.svelte?t=1778171895788:135:5) @ https://billing.tridigitals.com/src/lib/api/core.ts?t=1778171874684:730
[ 7124039ms] [ERROR] WebSocket connection to 'wss://api-isp-management.tridigitals.com/api/ws' failed: Error during WebSocket handshake: Unexpected response code: 502 @ https://billing.tridigitals.com/src/lib/stores/websocket.ts?t=1778171895788:89
[ 7124040ms] [ERROR] [WS] Error: Event @ https://billing.tridigitals.com/src/lib/stores/websocket.ts?t=1778171895788:108
[ 7125012ms] [ERROR] WebSocket connection to 'wss://api-isp-management.tridigitals.com/api/ws' failed: Error during WebSocket handshake: Unexpected response code: 502 @ https://billing.tridigitals.com/src/lib/stores/websocket.ts?t=1778165634682:89
[ 7125013ms] [ERROR] [WS] Error: Event @ https://billing.tridigitals.com/src/lib/stores/websocket.ts?t=1778165634682:108
[ 7156554ms] [ERROR] WebSocket connection to 'wss://api-isp-management.tridigitals.com/api/ws' failed: Error during WebSocket handshake: Unexpected response code: 502 @ https://billing.tridigitals.com/src/lib/stores/websocket.ts?t=1778165634682:89
[ 7156554ms] [ERROR] [WS] Error: Event @ https://billing.tridigitals.com/src/lib/stores/websocket.ts?t=1778165634682:108
[ 7158986ms] [ERROR] WebSocket connection to 'wss://api-isp-management.tridigitals.com/api/ws' failed: Error during WebSocket handshake: Unexpected response code: 502 @ https://billing.tridigitals.com/src/lib/stores/websocket.ts?t=1778171895788:89
[ 7158987ms] [ERROR] [WS] Error: Event @ https://billing.tridigitals.com/src/lib/stores/websocket.ts?t=1778171895788:108
[ 7181527ms] [ERROR] Access to fetch at 'https://api-isp-management.tridigitals.com/api/auth/validate' from origin 'https://billing.tridigitals.com' has been blocked by CORS policy: Response to preflight request doesn't pass access control check: No 'Access-Control-Allow-Origin' header is present on the requested resource. @ https://billing.tridigitals.com/notifications:0
[ 7181528ms] [ERROR] Failed to load resource: net::ERR_FAILED @ https://api-isp-management.tridigitals.com/api/auth/validate:0
[ 7181528ms] [ERROR] API Error (validate_token): TypeError: Failed to fetch
    at window.fetch (https://billing.tridigitals.com/node_modules/@sveltejs/kit/src/runtime/client/fetcher.js?v=a1ff02f4:66:10)
    at safeInvoke (https://billing.tridigitals.com/src/lib/api/core.ts?t=1778171874684:659:26)
    at Object.validateToken (https://billing.tridigitals.com/src/lib/api/auth.ts?t=1778171874684:8:29)
    at run (https://billing.tridigitals.com/src/lib/stores/auth.ts?t=1778171874684:208:32)
    at async Module.track_reactivity_loss (https://billing.tridigitals.com/node_modules/.vite/deps/chunk-EUQQR2VU.js?v=a1ff02f4:1642:15)
    at async keepSessionAliveIfActive (https://billing.tridigitals.com/src/routes/+layout.svelte?t=1778171895788:135:5) @ https://billing.tridigitals.com/src/lib/api/core.ts?t=1778171874684:730
[ 7189028ms] [ERROR] WebSocket connection to 'wss://api-isp-management.tridigitals.com/api/ws' failed: Error during WebSocket handshake: Unexpected response code: 502 @ https://billing.tridigitals.com/src/lib/stores/websocket.ts?t=1778165634682:89
[ 7189028ms] [ERROR] [WS] Error: Event @ https://billing.tridigitals.com/src/lib/stores/websocket.ts?t=1778165634682:108
[ 7189994ms] [ERROR] WebSocket connection to 'wss://api-isp-management.tridigitals.com/api/ws' failed: Error during WebSocket handshake: Unexpected response code: 502 @ https://billing.tridigitals.com/src/lib/stores/websocket.ts?t=1778171895788:89
[ 7189994ms] [ERROR] [WS] Error: Event @ https://billing.tridigitals.com/src/lib/stores/websocket.ts?t=1778171895788:108
[ 7221457ms] [ERROR] WebSocket connection to 'wss://api-isp-management.tridigitals.com/api/ws' failed: Error during WebSocket handshake: Unexpected response code: 502 @ https://billing.tridigitals.com/src/lib/stores/websocket.ts?t=1778165634682:89
[ 7221458ms] [ERROR] [WS] Error: Event @ https://billing.tridigitals.com/src/lib/stores/websocket.ts?t=1778165634682:108
[ 7224692ms] [ERROR] WebSocket connection to 'wss://api-isp-management.tridigitals.com/api/ws' failed: Error during WebSocket handshake: Unexpected response code: 502 @ https://billing.tridigitals.com/src/lib/stores/websocket.ts?t=1778171895788:89
[ 7224692ms] [ERROR] [WS] Error: Event @ https://billing.tridigitals.com/src/lib/stores/websocket.ts?t=1778171895788:108
[ 7241525ms] [ERROR] Access to fetch at 'https://api-isp-management.tridigitals.com/api/auth/validate' from origin 'https://billing.tridigitals.com' has been blocked by CORS policy: Response to preflight request doesn't pass access control check: No 'Access-Control-Allow-Origin' header is present on the requested resource. @ https://billing.tridigitals.com/notifications:0
[ 7241526ms] [ERROR] Failed to load resource: net::ERR_FAILED @ https://api-isp-management.tridigitals.com/api/auth/validate:0
[ 7241526ms] [ERROR] API Error (validate_token): TypeError: Failed to fetch
    at window.fetch (https://billing.tridigitals.com/node_modules/@sveltejs/kit/src/runtime/client/fetcher.js?v=a1ff02f4:66:10)
    at safeInvoke (https://billing.tridigitals.com/src/lib/api/core.ts?t=1778171874684:659:26)
    at Object.validateToken (https://billing.tridigitals.com/src/lib/api/auth.ts?t=1778171874684:8:29)
    at run (https://billing.tridigitals.com/src/lib/stores/auth.ts?t=1778171874684:208:32)
    at async Module.track_reactivity_loss (https://billing.tridigitals.com/node_modules/.vite/deps/chunk-EUQQR2VU.js?v=a1ff02f4:1642:15)
    at async keepSessionAliveIfActive (https://billing.tridigitals.com/src/routes/+layout.svelte?t=1778171895788:135:5) @ https://billing.tridigitals.com/src/lib/api/core.ts?t=1778171874684:730
[ 7254467ms] [ERROR] WebSocket connection to 'wss://api-isp-management.tridigitals.com/api/ws' failed: Error during WebSocket handshake: Unexpected response code: 502 @ https://billing.tridigitals.com/src/lib/stores/websocket.ts?t=1778165634682:89
[ 7254467ms] [ERROR] [WS] Error: Event @ https://billing.tridigitals.com/src/lib/stores/websocket.ts?t=1778165634682:108
