[  399001ms] [LOG] [vite] server connection lost. Polling for restart... @ https://billing.tridigitals.com/@vite/client:963
[  399020ms] [ERROR] WebSocket connection to 'wss://billing.tridigitals.com/' failed: Error in connection establishment: net::ERR_CONNECTION_REFUSED @ https://billing.tridigitals.com/@vite/client:1034
[  399384ms] [ERROR] WebSocket connection to 'wss://api-isp-management.tridigitals.com/api/ws' failed: Error in connection establishment: net::ERR_CONNECTION_REFUSED @ https://billing.tridigitals.com/src/lib/stores/websocket.ts:89
[  399384ms] [ERROR] [WS] Error: Event @ https://billing.tridigitals.com/src/lib/stores/websocket.ts:108
[  400025ms] [ERROR] WebSocket connection to 'wss://billing.tridigitals.com/' failed: Error in connection establishment: net::ERR_CONNECTION_REFUSED @ https://billing.tridigitals.com/@vite/client:1034
[  467947ms] [ERROR] Failed to load resource: the server responded with a status of 404 () @ https://billing.tridigitals.com/api/admin/work-orders/assignees:0
[  467976ms] [ERROR] Failed to load resource: the server responded with a status of 404 () @ https://billing.tridigitals.com/api/admin/work-orders?include_closed=false&limit=300:0
[  809672ms] [ERROR] WebSocket connection to 'wss://api-isp-management.tridigitals.com/api/ws' failed: Error during WebSocket handshake: Unexpected response code: 502 @ https://billing.tridigitals.com/src/lib/stores/websocket.ts:89
[  809672ms] [ERROR] [WS] Error: Event @ https://billing.tridigitals.com/src/lib/stores/websocket.ts:108
[  812171ms] [ERROR] WebSocket connection to 'wss://api-isp-management.tridigitals.com/api/ws' failed: Error during WebSocket handshake: Unexpected response code: 502 @ https://billing.tridigitals.com/src/lib/stores/websocket.ts:89
[  812171ms] [ERROR] [WS] Error: Event @ https://billing.tridigitals.com/src/lib/stores/websocket.ts:108
[  814671ms] [ERROR] WebSocket connection to 'wss://api-isp-management.tridigitals.com/api/ws' failed: Error during WebSocket handshake: Unexpected response code: 502 @ https://billing.tridigitals.com/src/lib/stores/websocket.ts:89
[  814671ms] [ERROR] [WS] Error: Event @ https://billing.tridigitals.com/src/lib/stores/websocket.ts:108
[  817171ms] [ERROR] WebSocket connection to 'wss://api-isp-management.tridigitals.com/api/ws' failed: Error during WebSocket handshake: Unexpected response code: 502 @ https://billing.tridigitals.com/src/lib/stores/websocket.ts:89
[  817171ms] [ERROR] [WS] Error: Event @ https://billing.tridigitals.com/src/lib/stores/websocket.ts:108
[  819676ms] [ERROR] WebSocket connection to 'wss://api-isp-management.tridigitals.com/api/ws' failed: Error during WebSocket handshake: Unexpected response code: 502 @ https://billing.tridigitals.com/src/lib/stores/websocket.ts:89
[  819677ms] [ERROR] [WS] Error: Event @ https://billing.tridigitals.com/src/lib/stores/websocket.ts:108
[  822136ms] [ERROR] Access to fetch at 'https://api-isp-management.tridigitals.com/api/auth/validate' from origin 'https://billing.tridigitals.com' has been blocked by CORS policy: Response to preflight request doesn't pass access control check: No 'Access-Control-Allow-Origin' header is present on the requested resource. @ https://billing.tridigitals.com/admin/network/installations:0
[  822138ms] [ERROR] Failed to load resource: net::ERR_FAILED @ https://api-isp-management.tridigitals.com/api/auth/validate:0
[  822138ms] [ERROR] API Error (validate_token): TypeError: Failed to fetch
    at window.fetch (https://billing.tridigitals.com/node_modules/@sveltejs/kit/src/runtime/client/fetcher.js?v=a1ff02f4:66:10)
    at safeInvoke (https://billing.tridigitals.com/src/lib/api/core.ts:655:26)
    at Object.validateToken (https://billing.tridigitals.com/src/lib/api/auth.ts:8:29)
    at run (https://billing.tridigitals.com/src/lib/stores/auth.ts:208:32)
    at async Module.track_reactivity_loss (https://billing.tridigitals.com/node_modules/.vite/deps/chunk-EUQQR2VU.js?v=a1ff02f4:1642:15)
    at async keepSessionAliveIfActive (https://billing.tridigitals.com/src/routes/+layout.svelte:135:5) @ https://billing.tridigitals.com/src/lib/api/core.ts:726
[  822173ms] [ERROR] WebSocket connection to 'wss://api-isp-management.tridigitals.com/api/ws' failed: Error during WebSocket handshake: Unexpected response code: 502 @ https://billing.tridigitals.com/src/lib/stores/websocket.ts:89
[  822173ms] [ERROR] [WS] Error: Event @ https://billing.tridigitals.com/src/lib/stores/websocket.ts:108
[  824672ms] [ERROR] WebSocket connection to 'wss://api-isp-management.tridigitals.com/api/ws' failed: Error during WebSocket handshake: Unexpected response code: 502 @ https://billing.tridigitals.com/src/lib/stores/websocket.ts:89
[  824672ms] [ERROR] [WS] Error: Event @ https://billing.tridigitals.com/src/lib/stores/websocket.ts:108
[  827172ms] [ERROR] WebSocket connection to 'wss://api-isp-management.tridigitals.com/api/ws' failed: Error during WebSocket handshake: Unexpected response code: 502 @ https://billing.tridigitals.com/src/lib/stores/websocket.ts:89
[  827172ms] [ERROR] [WS] Error: Event @ https://billing.tridigitals.com/src/lib/stores/websocket.ts:108
[  829673ms] [ERROR] WebSocket connection to 'wss://api-isp-management.tridigitals.com/api/ws' failed: Error during WebSocket handshake: Unexpected response code: 502 @ https://billing.tridigitals.com/src/lib/stores/websocket.ts:89
[  829673ms] [ERROR] [WS] Error: Event @ https://billing.tridigitals.com/src/lib/stores/websocket.ts:108
[  832174ms] [ERROR] WebSocket connection to 'wss://api-isp-management.tridigitals.com/api/ws' failed: Error during WebSocket handshake: Unexpected response code: 502 @ https://billing.tridigitals.com/src/lib/stores/websocket.ts:89
[  832174ms] [ERROR] [WS] Error: Event @ https://billing.tridigitals.com/src/lib/stores/websocket.ts:108
[  834676ms] [ERROR] WebSocket connection to 'wss://api-isp-management.tridigitals.com/api/ws' failed: Error during WebSocket handshake: Unexpected response code: 502 @ https://billing.tridigitals.com/src/lib/stores/websocket.ts:89
[  834676ms] [ERROR] [WS] Error: Event @ https://billing.tridigitals.com/src/lib/stores/websocket.ts:108
[  837175ms] [ERROR] WebSocket connection to 'wss://api-isp-management.tridigitals.com/api/ws' failed: Error during WebSocket handshake: Unexpected response code: 502 @ https://billing.tridigitals.com/src/lib/stores/websocket.ts:89
[  837175ms] [ERROR] [WS] Error: Event @ https://billing.tridigitals.com/src/lib/stores/websocket.ts:108
[  839674ms] [ERROR] WebSocket connection to 'wss://api-isp-management.tridigitals.com/api/ws' failed: Error during WebSocket handshake: Unexpected response code: 502 @ https://billing.tridigitals.com/src/lib/stores/websocket.ts:89
[  839675ms] [ERROR] [WS] Error: Event @ https://billing.tridigitals.com/src/lib/stores/websocket.ts:108
[  842171ms] [ERROR] WebSocket connection to 'wss://api-isp-management.tridigitals.com/api/ws' failed: Error during WebSocket handshake: Unexpected response code: 502 @ https://billing.tridigitals.com/src/lib/stores/websocket.ts:89
[  842172ms] [ERROR] [WS] Error: Event @ https://billing.tridigitals.com/src/lib/stores/websocket.ts:108
[  844672ms] [ERROR] WebSocket connection to 'wss://api-isp-management.tridigitals.com/api/ws' failed: Error during WebSocket handshake: Unexpected response code: 502 @ https://billing.tridigitals.com/src/lib/stores/websocket.ts:89
[  844672ms] [ERROR] [WS] Error: Event @ https://billing.tridigitals.com/src/lib/stores/websocket.ts:108
[  847172ms] [ERROR] WebSocket connection to 'wss://api-isp-management.tridigitals.com/api/ws' failed: Error during WebSocket handshake: Unexpected response code: 502 @ https://billing.tridigitals.com/src/lib/stores/websocket.ts:89
[  847172ms] [ERROR] [WS] Error: Event @ https://billing.tridigitals.com/src/lib/stores/websocket.ts:108
[  849672ms] [ERROR] WebSocket connection to 'wss://api-isp-management.tridigitals.com/api/ws' failed: Error during WebSocket handshake: Unexpected response code: 502 @ https://billing.tridigitals.com/src/lib/stores/websocket.ts:89
[  849672ms] [ERROR] [WS] Error: Event @ https://billing.tridigitals.com/src/lib/stores/websocket.ts:108
[  852171ms] [ERROR] WebSocket connection to 'wss://api-isp-management.tridigitals.com/api/ws' failed: Error during WebSocket handshake: Unexpected response code: 502 @ https://billing.tridigitals.com/src/lib/stores/websocket.ts:89
[  852171ms] [ERROR] [WS] Error: Event @ https://billing.tridigitals.com/src/lib/stores/websocket.ts:108
[  854672ms] [ERROR] WebSocket connection to 'wss://api-isp-management.tridigitals.com/api/ws' failed: Error during WebSocket handshake: Unexpected response code: 502 @ https://billing.tridigitals.com/src/lib/stores/websocket.ts:89
[  854672ms] [ERROR] [WS] Error: Event @ https://billing.tridigitals.com/src/lib/stores/websocket.ts:108
[  857180ms] [ERROR] WebSocket connection to 'wss://api-isp-management.tridigitals.com/api/ws' failed: Error during WebSocket handshake: Unexpected response code: 502 @ https://billing.tridigitals.com/src/lib/stores/websocket.ts:89
[  857180ms] [ERROR] [WS] Error: Event @ https://billing.tridigitals.com/src/lib/stores/websocket.ts:108
[  859689ms] [ERROR] WebSocket connection to 'wss://api-isp-management.tridigitals.com/api/ws' failed: Error during WebSocket handshake: Unexpected response code: 502 @ https://billing.tridigitals.com/src/lib/stores/websocket.ts:89
[  859689ms] [ERROR] [WS] Error: Event @ https://billing.tridigitals.com/src/lib/stores/websocket.ts:108
[  862200ms] [ERROR] WebSocket connection to 'wss://api-isp-management.tridigitals.com/api/ws' failed: Error during WebSocket handshake: Unexpected response code: 502 @ https://billing.tridigitals.com/src/lib/stores/websocket.ts:89
[  862200ms] [ERROR] [WS] Error: Event @ https://billing.tridigitals.com/src/lib/stores/websocket.ts:108
[  864692ms] [ERROR] WebSocket connection to 'wss://api-isp-management.tridigitals.com/api/ws' failed: Error during WebSocket handshake: Unexpected response code: 502 @ https://billing.tridigitals.com/src/lib/stores/websocket.ts:89
[  864692ms] [ERROR] [WS] Error: Event @ https://billing.tridigitals.com/src/lib/stores/websocket.ts:108
[  867318ms] [ERROR] WebSocket connection to 'wss://api-isp-management.tridigitals.com/api/ws' failed: Error during WebSocket handshake: Unexpected response code: 502 @ https://billing.tridigitals.com/src/lib/stores/websocket.ts:89
[  867318ms] [ERROR] [WS] Error: Event @ https://billing.tridigitals.com/src/lib/stores/websocket.ts:108
[  869776ms] [ERROR] WebSocket connection to 'wss://api-isp-management.tridigitals.com/api/ws' failed: Error during WebSocket handshake: Unexpected response code: 502 @ https://billing.tridigitals.com/src/lib/stores/websocket.ts:89
[  869777ms] [ERROR] [WS] Error: Event @ https://billing.tridigitals.com/src/lib/stores/websocket.ts:108
[  872694ms] [ERROR] WebSocket connection to 'wss://api-isp-management.tridigitals.com/api/ws' failed: Error during WebSocket handshake: Unexpected response code: 502 @ https://billing.tridigitals.com/src/lib/stores/websocket.ts:89
[  872694ms] [ERROR] [WS] Error: Event @ https://billing.tridigitals.com/src/lib/stores/websocket.ts:108
[  875296ms] [ERROR] WebSocket connection to 'wss://api-isp-management.tridigitals.com/api/ws' failed: Error during WebSocket handshake: Unexpected response code: 502 @ https://billing.tridigitals.com/src/lib/stores/websocket.ts:89
[  875296ms] [ERROR] [WS] Error: Event @ https://billing.tridigitals.com/src/lib/stores/websocket.ts:108
[  877848ms] [ERROR] WebSocket connection to 'wss://api-isp-management.tridigitals.com/api/ws' failed: Error during WebSocket handshake: Unexpected response code: 502 @ https://billing.tridigitals.com/src/lib/stores/websocket.ts:89
[  877849ms] [ERROR] [WS] Error: Event @ https://billing.tridigitals.com/src/lib/stores/websocket.ts:108
[  882135ms] [ERROR] Access to fetch at 'https://api-isp-management.tridigitals.com/api/auth/validate' from origin 'https://billing.tridigitals.com' has been blocked by CORS policy: Response to preflight request doesn't pass access control check: No 'Access-Control-Allow-Origin' header is present on the requested resource. @ https://billing.tridigitals.com/admin/network/installations:0
[  882135ms] [ERROR] Failed to load resource: net::ERR_FAILED @ https://api-isp-management.tridigitals.com/api/auth/validate:0
[  882135ms] [ERROR] API Error (validate_token): TypeError: Failed to fetch
    at window.fetch (https://billing.tridigitals.com/node_modules/@sveltejs/kit/src/runtime/client/fetcher.js?v=a1ff02f4:66:10)
    at safeInvoke (https://billing.tridigitals.com/src/lib/api/core.ts:655:26)
    at Object.validateToken (https://billing.tridigitals.com/src/lib/api/auth.ts:8:29)
    at run (https://billing.tridigitals.com/src/lib/stores/auth.ts:208:32)
    at async Module.track_reactivity_loss (https://billing.tridigitals.com/node_modules/.vite/deps/chunk-EUQQR2VU.js?v=a1ff02f4:1642:15)
    at async keepSessionAliveIfActive (https://billing.tridigitals.com/src/routes/+layout.svelte:135:5) @ https://billing.tridigitals.com/src/lib/api/core.ts:726
[  884433ms] [ERROR] WebSocket connection to 'wss://api-isp-management.tridigitals.com/api/ws' failed: Error during WebSocket handshake: Unexpected response code: 502 @ https://billing.tridigitals.com/src/lib/stores/websocket.ts:89
[  884433ms] [ERROR] [WS] Error: Event @ https://billing.tridigitals.com/src/lib/stores/websocket.ts:108
[  888847ms] [ERROR] WebSocket connection to 'wss://api-isp-management.tridigitals.com/api/ws' failed: Error during WebSocket handshake: Unexpected response code: 502 @ https://billing.tridigitals.com/src/lib/stores/websocket.ts:89
[  888847ms] [ERROR] [WS] Error: Event @ https://billing.tridigitals.com/src/lib/stores/websocket.ts:108
[  893391ms] [ERROR] WebSocket connection to 'wss://api-isp-management.tridigitals.com/api/ws' failed: Error during WebSocket handshake: Unexpected response code: 502 @ https://billing.tridigitals.com/src/lib/stores/websocket.ts:89
[  893391ms] [ERROR] [WS] Error: Event @ https://billing.tridigitals.com/src/lib/stores/websocket.ts:108
[  899236ms] [ERROR] WebSocket connection to 'wss://api-isp-management.tridigitals.com/api/ws' failed: Error during WebSocket handshake: Unexpected response code: 502 @ https://billing.tridigitals.com/src/lib/stores/websocket.ts:89
[  899237ms] [ERROR] [WS] Error: Event @ https://billing.tridigitals.com/src/lib/stores/websocket.ts:108
[  904212ms] [ERROR] WebSocket connection to 'wss://api-isp-management.tridigitals.com/api/ws' failed: Error during WebSocket handshake: Unexpected response code: 502 @ https://billing.tridigitals.com/src/lib/stores/websocket.ts:89
[  904212ms] [ERROR] [WS] Error: Event @ https://billing.tridigitals.com/src/lib/stores/websocket.ts:108
[  908295ms] [ERROR] WebSocket connection to 'wss://api-isp-management.tridigitals.com/api/ws' failed: Error during WebSocket handshake: Unexpected response code: 502 @ https://billing.tridigitals.com/src/lib/stores/websocket.ts:89
[  908295ms] [ERROR] [WS] Error: Event @ https://billing.tridigitals.com/src/lib/stores/websocket.ts:108
[  913369ms] [ERROR] WebSocket connection to 'wss://api-isp-management.tridigitals.com/api/ws' failed: Error during WebSocket handshake: Unexpected response code: 502 @ https://billing.tridigitals.com/src/lib/stores/websocket.ts:89
[  913369ms] [ERROR] [WS] Error: Event @ https://billing.tridigitals.com/src/lib/stores/websocket.ts:108
[  915795ms] [ERROR] WebSocket connection to 'wss://api-isp-management.tridigitals.com/api/ws' failed: Error during WebSocket handshake: Unexpected response code: 502 @ https://billing.tridigitals.com/src/lib/stores/websocket.ts:89
[  915796ms] [ERROR] [WS] Error: Event @ https://billing.tridigitals.com/src/lib/stores/websocket.ts:108
[  922036ms] [ERROR] WebSocket connection to 'wss://api-isp-management.tridigitals.com/api/ws' failed: Error during WebSocket handshake: Unexpected response code: 502 @ https://billing.tridigitals.com/src/lib/stores/websocket.ts:89
[  922036ms] [ERROR] [WS] Error: Event @ https://billing.tridigitals.com/src/lib/stores/websocket.ts:108
[  924395ms] [ERROR] WebSocket connection to 'wss://api-isp-management.tridigitals.com/api/ws' failed: Error during WebSocket handshake: Unexpected response code: 502 @ https://billing.tridigitals.com/src/lib/stores/websocket.ts:89
[  924395ms] [ERROR] [WS] Error: Event @ https://billing.tridigitals.com/src/lib/stores/websocket.ts:108
[  927197ms] [ERROR] WebSocket connection to 'wss://api-isp-management.tridigitals.com/api/ws' failed: Error during WebSocket handshake: Unexpected response code: 502 @ https://billing.tridigitals.com/src/lib/stores/websocket.ts:89
[  927197ms] [ERROR] [WS] Error: Event @ https://billing.tridigitals.com/src/lib/stores/websocket.ts:108
[  932191ms] [ERROR] WebSocket connection to 'wss://api-isp-management.tridigitals.com/api/ws' failed: Error during WebSocket handshake: Unexpected response code: 502 @ https://billing.tridigitals.com/src/lib/stores/websocket.ts:89
[  932191ms] [ERROR] [WS] Error: Event @ https://billing.tridigitals.com/src/lib/stores/websocket.ts:108
[  936042ms] [ERROR] WebSocket connection to 'wss://api-isp-management.tridigitals.com/api/ws' failed: Error during WebSocket handshake: Unexpected response code: 502 @ https://billing.tridigitals.com/src/lib/stores/websocket.ts:89
[  936042ms] [ERROR] [WS] Error: Event @ https://billing.tridigitals.com/src/lib/stores/websocket.ts:108
[  938391ms] [ERROR] WebSocket connection to 'wss://api-isp-management.tridigitals.com/api/ws' failed: Error during WebSocket handshake: Unexpected response code: 502 @ https://billing.tridigitals.com/src/lib/stores/websocket.ts:89
[  938391ms] [ERROR] [WS] Error: Event @ https://billing.tridigitals.com/src/lib/stores/websocket.ts:108
[  942134ms] [ERROR] Access to fetch at 'https://api-isp-management.tridigitals.com/api/auth/validate' from origin 'https://billing.tridigitals.com' has been blocked by CORS policy: Response to preflight request doesn't pass access control check: No 'Access-Control-Allow-Origin' header is present on the requested resource. @ https://billing.tridigitals.com/admin/network/installations:0
[  942135ms] [ERROR] Failed to load resource: net::ERR_FAILED @ https://api-isp-management.tridigitals.com/api/auth/validate:0
[  942135ms] [ERROR] API Error (validate_token): TypeError: Failed to fetch
    at window.fetch (https://billing.tridigitals.com/node_modules/@sveltejs/kit/src/runtime/client/fetcher.js?v=a1ff02f4:66:10)
    at safeInvoke (https://billing.tridigitals.com/src/lib/api/core.ts:655:26)
    at Object.validateToken (https://billing.tridigitals.com/src/lib/api/auth.ts:8:29)
    at run (https://billing.tridigitals.com/src/lib/stores/auth.ts:208:32)
    at async Module.track_reactivity_loss (https://billing.tridigitals.com/node_modules/.vite/deps/chunk-EUQQR2VU.js?v=a1ff02f4:1642:15)
    at async keepSessionAliveIfActive (https://billing.tridigitals.com/src/routes/+layout.svelte:135:5) @ https://billing.tridigitals.com/src/lib/api/core.ts:726
[  942713ms] [ERROR] WebSocket connection to 'wss://api-isp-management.tridigitals.com/api/ws' failed: Error during WebSocket handshake: Unexpected response code: 502 @ https://billing.tridigitals.com/src/lib/stores/websocket.ts:89
[  942714ms] [ERROR] [WS] Error: Event @ https://billing.tridigitals.com/src/lib/stores/websocket.ts:108
[  948630ms] [ERROR] WebSocket connection to 'wss://api-isp-management.tridigitals.com/api/ws' failed: Error during WebSocket handshake: Unexpected response code: 502 @ https://billing.tridigitals.com/src/lib/stores/websocket.ts:89
[  948631ms] [ERROR] [WS] Error: Event @ https://billing.tridigitals.com/src/lib/stores/websocket.ts:108
[  952664ms] [ERROR] WebSocket connection to 'wss://api-isp-management.tridigitals.com/api/ws' failed: Error during WebSocket handshake: Unexpected response code: 502 @ https://billing.tridigitals.com/src/lib/stores/websocket.ts:89
[  952664ms] [ERROR] [WS] Error: Event @ https://billing.tridigitals.com/src/lib/stores/websocket.ts:108
[  959501ms] [ERROR] WebSocket connection to 'wss://api-isp-management.tridigitals.com/api/ws' failed: Error during WebSocket handshake: Unexpected response code: 502 @ https://billing.tridigitals.com/src/lib/stores/websocket.ts:89
[  959502ms] [ERROR] [WS] Error: Event @ https://billing.tridigitals.com/src/lib/stores/websocket.ts:108
[  961508ms] [ERROR] WebSocket connection to 'wss://api-isp-management.tridigitals.com/api/ws' failed: Error during WebSocket handshake: Unexpected response code: 502 @ https://billing.tridigitals.com/src/lib/stores/websocket.ts:89
[  961509ms] [ERROR] [WS] Error: Event @ https://billing.tridigitals.com/src/lib/stores/websocket.ts:108
[  964478ms] [ERROR] WebSocket connection to 'wss://api-isp-management.tridigitals.com/api/ws' failed: Error during WebSocket handshake: Unexpected response code: 502 @ https://billing.tridigitals.com/src/lib/stores/websocket.ts:89
[  964479ms] [ERROR] [WS] Error: Event @ https://billing.tridigitals.com/src/lib/stores/websocket.ts:108
[  969307ms] [ERROR] WebSocket connection to 'wss://api-isp-management.tridigitals.com/api/ws' failed: Error during WebSocket handshake: Unexpected response code: 502 @ https://billing.tridigitals.com/src/lib/stores/websocket.ts:89
[  969307ms] [ERROR] [WS] Error: Event @ https://billing.tridigitals.com/src/lib/stores/websocket.ts:108
[  971455ms] [ERROR] WebSocket connection to 'wss://api-isp-management.tridigitals.com/api/ws' failed: Error during WebSocket handshake: Unexpected response code: 502 @ https://billing.tridigitals.com/src/lib/stores/websocket.ts:89
[  971456ms] [ERROR] [WS] Error: Event @ https://billing.tridigitals.com/src/lib/stores/websocket.ts:108
[  976059ms] [ERROR] WebSocket connection to 'wss://api-isp-management.tridigitals.com/api/ws' failed: Error during WebSocket handshake: Unexpected response code: 502 @ https://billing.tridigitals.com/src/lib/stores/websocket.ts:89
[  976060ms] [ERROR] [WS] Error: Event @ https://billing.tridigitals.com/src/lib/stores/websocket.ts:108
[  978780ms] [ERROR] WebSocket connection to 'wss://api-isp-management.tridigitals.com/api/ws' failed: Error during WebSocket handshake: Unexpected response code: 502 @ https://billing.tridigitals.com/src/lib/stores/websocket.ts:89
[  978780ms] [ERROR] [WS] Error: Event @ https://billing.tridigitals.com/src/lib/stores/websocket.ts:108
[  982673ms] [ERROR] WebSocket connection to 'wss://api-isp-management.tridigitals.com/api/ws' failed: Error during WebSocket handshake: Unexpected response code: 502 @ https://billing.tridigitals.com/src/lib/stores/websocket.ts:89
[  982673ms] [ERROR] [WS] Error: Event @ https://billing.tridigitals.com/src/lib/stores/websocket.ts:108
[  986814ms] [ERROR] WebSocket connection to 'wss://api-isp-management.tridigitals.com/api/ws' failed: Error during WebSocket handshake: Unexpected response code: 502 @ https://billing.tridigitals.com/src/lib/stores/websocket.ts:89
[  986815ms] [ERROR] [WS] Error: Event @ https://billing.tridigitals.com/src/lib/stores/websocket.ts:108
[  992093ms] [ERROR] WebSocket connection to 'wss://api-isp-management.tridigitals.com/api/ws' failed: Error during WebSocket handshake: Unexpected response code: 502 @ https://billing.tridigitals.com/src/lib/stores/websocket.ts:89
[  992093ms] [ERROR] [WS] Error: Event @ https://billing.tridigitals.com/src/lib/stores/websocket.ts:108
[  996037ms] [ERROR] WebSocket connection to 'wss://api-isp-management.tridigitals.com/api/ws' failed: Error during WebSocket handshake: Unexpected response code: 502 @ https://billing.tridigitals.com/src/lib/stores/websocket.ts:89
[  996038ms] [ERROR] [WS] Error: Event @ https://billing.tridigitals.com/src/lib/stores/websocket.ts:108
[ 1000637ms] [ERROR] WebSocket connection to 'wss://api-isp-management.tridigitals.com/api/ws' failed: Error during WebSocket handshake: Unexpected response code: 502 @ https://billing.tridigitals.com/src/lib/stores/websocket.ts:89
[ 1000637ms] [ERROR] [WS] Error: Event @ https://billing.tridigitals.com/src/lib/stores/websocket.ts:108
[ 1002134ms] [ERROR] Access to fetch at 'https://api-isp-management.tridigitals.com/api/auth/validate' from origin 'https://billing.tridigitals.com' has been blocked by CORS policy: Response to preflight request doesn't pass access control check: No 'Access-Control-Allow-Origin' header is present on the requested resource. @ https://billing.tridigitals.com/admin/network/installations:0
[ 1002135ms] [ERROR] Failed to load resource: net::ERR_FAILED @ https://api-isp-management.tridigitals.com/api/auth/validate:0
[ 1002135ms] [ERROR] API Error (validate_token): TypeError: Failed to fetch
    at window.fetch (https://billing.tridigitals.com/node_modules/@sveltejs/kit/src/runtime/client/fetcher.js?v=a1ff02f4:66:10)
    at safeInvoke (https://billing.tridigitals.com/src/lib/api/core.ts:655:26)
    at Object.validateToken (https://billing.tridigitals.com/src/lib/api/auth.ts:8:29)
    at run (https://billing.tridigitals.com/src/lib/stores/auth.ts:208:32)
    at async Module.track_reactivity_loss (https://billing.tridigitals.com/node_modules/.vite/deps/chunk-EUQQR2VU.js?v=a1ff02f4:1642:15)
    at async keepSessionAliveIfActive (https://billing.tridigitals.com/src/routes/+layout.svelte:135:5) @ https://billing.tridigitals.com/src/lib/api/core.ts:726
[ 1003364ms] [ERROR] WebSocket connection to 'wss://api-isp-management.tridigitals.com/api/ws' failed: Error during WebSocket handshake: Unexpected response code: 502 @ https://billing.tridigitals.com/src/lib/stores/websocket.ts:89
[ 1003364ms] [ERROR] [WS] Error: Event @ https://billing.tridigitals.com/src/lib/stores/websocket.ts:108
[ 1007339ms] [ERROR] WebSocket connection to 'wss://api-isp-management.tridigitals.com/api/ws' failed: Error during WebSocket handshake: Unexpected response code: 502 @ https://billing.tridigitals.com/src/lib/stores/websocket.ts:89
[ 1007339ms] [ERROR] [WS] Error: Event @ https://billing.tridigitals.com/src/lib/stores/websocket.ts:108
[ 1014525ms] [ERROR] WebSocket connection to 'wss://api-isp-management.tridigitals.com/api/ws' failed: Error during WebSocket handshake: Unexpected response code: 502 @ https://billing.tridigitals.com/src/lib/stores/websocket.ts:89
[ 1014525ms] [ERROR] [WS] Error: Event @ https://billing.tridigitals.com/src/lib/stores/websocket.ts:108
[ 1016574ms] [ERROR] WebSocket connection to 'wss://api-isp-management.tridigitals.com/api/ws' failed: Error during WebSocket handshake: Unexpected response code: 502 @ https://billing.tridigitals.com/src/lib/stores/websocket.ts:89
[ 1016575ms] [ERROR] [WS] Error: Event @ https://billing.tridigitals.com/src/lib/stores/websocket.ts:108
[ 1020417ms] [ERROR] WebSocket connection to 'wss://api-isp-management.tridigitals.com/api/ws' failed: Error during WebSocket handshake: Unexpected response code: 502 @ https://billing.tridigitals.com/src/lib/stores/websocket.ts:89
[ 1020418ms] [ERROR] [WS] Error: Event @ https://billing.tridigitals.com/src/lib/stores/websocket.ts:108
[ 1026589ms] [ERROR] WebSocket connection to 'wss://api-isp-management.tridigitals.com/api/ws' failed: Error during WebSocket handshake: Unexpected response code: 502 @ https://billing.tridigitals.com/src/lib/stores/websocket.ts:89
[ 1026589ms] [ERROR] [WS] Error: Event @ https://billing.tridigitals.com/src/lib/stores/websocket.ts:108
[ 1030734ms] [ERROR] WebSocket connection to 'wss://api-isp-management.tridigitals.com/api/ws' failed: Error during WebSocket handshake: Unexpected response code: 502 @ https://billing.tridigitals.com/src/lib/stores/websocket.ts:89
[ 1030735ms] [ERROR] [WS] Error: Event @ https://billing.tridigitals.com/src/lib/stores/websocket.ts:108
[ 1037144ms] [ERROR] WebSocket connection to 'wss://api-isp-management.tridigitals.com/api/ws' failed: Error during WebSocket handshake: Unexpected response code: 502 @ https://billing.tridigitals.com/src/lib/stores/websocket.ts:89
[ 1037144ms] [ERROR] [WS] Error: Event @ https://billing.tridigitals.com/src/lib/stores/websocket.ts:108
[ 1040662ms] [ERROR] WebSocket connection to 'wss://api-isp-management.tridigitals.com/api/ws' failed: Error during WebSocket handshake: Unexpected response code: 502 @ https://billing.tridigitals.com/src/lib/stores/websocket.ts:89
[ 1040662ms] [ERROR] [WS] Error: Event @ https://billing.tridigitals.com/src/lib/stores/websocket.ts:108
[ 1046880ms] [ERROR] WebSocket connection to 'wss://api-isp-management.tridigitals.com/api/ws' failed: Error during WebSocket handshake: Unexpected response code: 502 @ https://billing.tridigitals.com/src/lib/stores/websocket.ts:89
[ 1046880ms] [ERROR] [WS] Error: Event @ https://billing.tridigitals.com/src/lib/stores/websocket.ts:108
[ 1051624ms] [ERROR] WebSocket connection to 'wss://api-isp-management.tridigitals.com/api/ws' failed: Error during WebSocket handshake: Unexpected response code: 502 @ https://billing.tridigitals.com/src/lib/stores/websocket.ts:89
[ 1051624ms] [ERROR] [WS] Error: Event @ https://billing.tridigitals.com/src/lib/stores/websocket.ts:108
[ 1055448ms] [ERROR] WebSocket connection to 'wss://api-isp-management.tridigitals.com/api/ws' failed: Error during WebSocket handshake: Unexpected response code: 502 @ https://billing.tridigitals.com/src/lib/stores/websocket.ts:89
[ 1055448ms] [ERROR] [WS] Error: Event @ https://billing.tridigitals.com/src/lib/stores/websocket.ts:108
[ 1059399ms] [ERROR] WebSocket connection to 'wss://api-isp-management.tridigitals.com/api/ws' failed: Error during WebSocket handshake: Unexpected response code: 502 @ https://billing.tridigitals.com/src/lib/stores/websocket.ts:89
[ 1059399ms] [ERROR] [WS] Error: Event @ https://billing.tridigitals.com/src/lib/stores/websocket.ts:108
[ 1062134ms] [ERROR] Access to fetch at 'https://api-isp-management.tridigitals.com/api/auth/validate' from origin 'https://billing.tridigitals.com' has been blocked by CORS policy: Response to preflight request doesn't pass access control check: No 'Access-Control-Allow-Origin' header is present on the requested resource. @ https://billing.tridigitals.com/admin/network/installations:0
[ 1062134ms] [ERROR] Failed to load resource: net::ERR_FAILED @ https://api-isp-management.tridigitals.com/api/auth/validate:0
[ 1062134ms] [ERROR] API Error (validate_token): TypeError: Failed to fetch
    at window.fetch (https://billing.tridigitals.com/node_modules/@sveltejs/kit/src/runtime/client/fetcher.js?v=a1ff02f4:66:10)
    at safeInvoke (https://billing.tridigitals.com/src/lib/api/core.ts:655:26)
    at Object.validateToken (https://billing.tridigitals.com/src/lib/api/auth.ts:8:29)
    at run (https://billing.tridigitals.com/src/lib/stores/auth.ts:208:32)
    at async Module.track_reactivity_loss (https://billing.tridigitals.com/node_modules/.vite/deps/chunk-EUQQR2VU.js?v=a1ff02f4:1642:15)
    at async keepSessionAliveIfActive (https://billing.tridigitals.com/src/routes/+layout.svelte:135:5) @ https://billing.tridigitals.com/src/lib/api/core.ts:726
[ 1064150ms] [ERROR] WebSocket connection to 'wss://api-isp-management.tridigitals.com/api/ws' failed: Error during WebSocket handshake: Unexpected response code: 502 @ https://billing.tridigitals.com/src/lib/stores/websocket.ts:89
[ 1064150ms] [ERROR] [WS] Error: Event @ https://billing.tridigitals.com/src/lib/stores/websocket.ts:108
[ 1231108ms] [LOG] [vite] server connection lost. Polling for restart... @ https://billing.tridigitals.com/@vite/client:963
[ 1258044ms] [ERROR] WebSocket connection to 'wss://api-isp-management.tridigitals.com/api/ws' failed: Error during WebSocket handshake: Unexpected response code: 502 @ https://billing.tridigitals.com/src/lib/stores/websocket.ts:89
[ 1258045ms] [ERROR] [WS] Error: Event @ https://billing.tridigitals.com/src/lib/stores/websocket.ts:108
[ 1260522ms] [ERROR] WebSocket connection to 'wss://api-isp-management.tridigitals.com/api/ws' failed: Error during WebSocket handshake: Unexpected response code: 502 @ https://billing.tridigitals.com/src/lib/stores/websocket.ts:89
[ 1260522ms] [ERROR] [WS] Error: Event @ https://billing.tridigitals.com/src/lib/stores/websocket.ts:108
[ 1263022ms] [ERROR] WebSocket connection to 'wss://api-isp-management.tridigitals.com/api/ws' failed: Error during WebSocket handshake: Unexpected response code: 502 @ https://billing.tridigitals.com/src/lib/stores/websocket.ts:89
[ 1263022ms] [ERROR] [WS] Error: Event @ https://billing.tridigitals.com/src/lib/stores/websocket.ts:108
[ 1265521ms] [ERROR] WebSocket connection to 'wss://api-isp-management.tridigitals.com/api/ws' failed: Error during WebSocket handshake: Unexpected response code: 502 @ https://billing.tridigitals.com/src/lib/stores/websocket.ts:89
[ 1265521ms] [ERROR] [WS] Error: Event @ https://billing.tridigitals.com/src/lib/stores/websocket.ts:108
[ 1268600ms] [ERROR] Access to fetch at 'https://api-isp-management.tridigitals.com/api/settings/logo' from origin 'https://billing.tridigitals.com' has been blocked by CORS policy: Response to preflight request doesn't pass access control check: No 'Access-Control-Allow-Origin' header is present on the requested resource. @ https://billing.tridigitals.com/admin/network/installations:0
[ 1268601ms] [ERROR] Failed to load resource: net::ERR_FAILED @ https://api-isp-management.tridigitals.com/api/settings/logo:0
[ 1268601ms] [ERROR] API Error (get_logo): TypeError: Failed to fetch
    at window.fetch (https://billing.tridigitals.com/node_modules/@sveltejs/kit/src/runtime/client/fetcher.js?v=a1ff02f4:66:10)
    at safeInvoke (https://billing.tridigitals.com/src/lib/api/core.ts:655:26)
    at Object.getLogo (https://billing.tridigitals.com/src/lib/api/settings.ts:11:23)
    at Object.refresh (https://billing.tridigitals.com/src/lib/stores/logo.ts:54:40)
    at https://billing.tridigitals.com/src/lib/stores/auth.ts:71:19 @ https://billing.tridigitals.com/src/lib/api/core.ts:726
[ 1268602ms] [ERROR] [LogoStore] Failed to load logo: TypeError: Failed to fetch
    at window.fetch (https://billing.tridigitals.com/node_modules/@sveltejs/kit/src/runtime/client/fetcher.js?v=a1ff02f4:66:10)
    at safeInvoke (https://billing.tridigitals.com/src/lib/api/core.ts:655:26)
    at Object.getLogo (https://billing.tridigitals.com/src/lib/api/settings.ts:11:23)
    at Object.refresh (https://billing.tridigitals.com/src/lib/stores/logo.ts:54:40)
    at https://billing.tridigitals.com/src/lib/stores/auth.ts:71:19 @ https://billing.tridigitals.com/src/lib/stores/logo.ts:61
[ 1268603ms] [ERROR] Access to fetch at 'https://api-isp-management.tridigitals.com/api/auth/settings' from origin 'https://billing.tridigitals.com' has been blocked by CORS policy: Response to preflight request doesn't pass access control check: No 'Access-Control-Allow-Origin' header is present on the requested resource. @ https://billing.tridigitals.com/admin/network/installations:0
[ 1268603ms] [ERROR] Failed to load resource: net::ERR_FAILED @ https://api-isp-management.tridigitals.com/api/auth/settings:0
[ 1268603ms] [ERROR] API Error (get_auth_settings): TypeError: Failed to fetch
    at window.fetch (https://billing.tridigitals.com/node_modules/@sveltejs/kit/src/runtime/client/fetcher.js?v=a1ff02f4:66:10)
    at safeInvoke (https://billing.tridigitals.com/src/lib/api/core.ts:655:26)
    at Object.getAuthSettings (https://billing.tridigitals.com/src/lib/api/settings.ts:5:26)
    at https://billing.tridigitals.com/src/lib/stores/settings.ts:44:23
    at loadSettings (https://billing.tridigitals.com/src/lib/stores/settings.ts:78:7)
    at Object.refresh (https://billing.tridigitals.com/src/lib/stores/settings.ts:89:13)
    at https://billing.tridigitals.com/src/lib/stores/auth.ts:72:23 @ https://billing.tridigitals.com/src/lib/api/core.ts:726
[ 1268613ms] [ERROR] Access to fetch at 'https://api-isp-management.tridigitals.com/api/settings/public' from origin 'https://billing.tridigitals.com' has been blocked by CORS policy: Response to preflight request doesn't pass access control check: No 'Access-Control-Allow-Origin' header is present on the requested resource. @ https://billing.tridigitals.com/admin/network/installations:0
[ 1268613ms] [ERROR] Failed to load resource: net::ERR_FAILED @ https://api-isp-management.tridigitals.com/api/settings/public:0
[ 1268613ms] [ERROR] API Error (get_public_settings): TypeError: Failed to fetch
    at window.fetch (https://billing.tridigitals.com/node_modules/@sveltejs/kit/src/runtime/client/fetcher.js?v=a1ff02f4:66:10)
    at safeInvoke (https://billing.tridigitals.com/src/lib/api/core.ts:655:26)
    at Object.getPublicSettings (https://billing.tridigitals.com/src/lib/api/settings.ts:4:28)
    at https://billing.tridigitals.com/src/lib/stores/settings.ts:45:23
    at loadSettings (https://billing.tridigitals.com/src/lib/stores/settings.ts:78:7)
    at Object.refresh (https://billing.tridigitals.com/src/lib/stores/settings.ts:89:13)
    at https://billing.tridigitals.com/src/lib/stores/auth.ts:72:23 @ https://billing.tridigitals.com/src/lib/api/core.ts:726
[ 1268614ms] [ERROR] Access to fetch at 'https://api-isp-management.tridigitals.com/api/settings' from origin 'https://billing.tridigitals.com' has been blocked by CORS policy: Response to preflight request doesn't pass access control check: No 'Access-Control-Allow-Origin' header is present on the requested resource. @ https://billing.tridigitals.com/admin/network/installations:0
[ 1268614ms] [ERROR] Failed to load resource: net::ERR_FAILED @ https://api-isp-management.tridigitals.com/api/settings:0
[ 1268614ms] [ERROR] API Error (get_all_settings): TypeError: Failed to fetch
    at window.fetch (https://billing.tridigitals.com/node_modules/@sveltejs/kit/src/runtime/client/fetcher.js?v=a1ff02f4:66:10)
    at safeInvoke (https://billing.tridigitals.com/src/lib/api/core.ts:655:26)
    at Object.getAll (https://billing.tridigitals.com/src/lib/api/settings.ts:3:17)
    at https://billing.tridigitals.com/src/lib/stores/settings.ts:46:41
    at loadSettings (https://billing.tridigitals.com/src/lib/stores/settings.ts:78:7)
    at Object.refresh (https://billing.tridigitals.com/src/lib/stores/settings.ts:89:13)
    at https://billing.tridigitals.com/src/lib/stores/auth.ts:72:23 @ https://billing.tridigitals.com/src/lib/api/core.ts:726
[ 1268615ms] [ERROR] Access to fetch at 'https://api-isp-management.tridigitals.com/api/version' from origin 'https://billing.tridigitals.com' has been blocked by CORS policy: Response to preflight request doesn't pass access control check: No 'Access-Control-Allow-Origin' header is present on the requested resource. @ https://billing.tridigitals.com/admin/network/installations:0
[ 1268615ms] [ERROR] Failed to load resource: net::ERR_FAILED @ https://api-isp-management.tridigitals.com/api/version:0
[ 1268615ms] [ERROR] API Error (get_app_version): TypeError: Failed to fetch
    at window.fetch (https://billing.tridigitals.com/node_modules/@sveltejs/kit/src/runtime/client/fetcher.js?v=a1ff02f4:66:10)
    at safeInvoke (https://billing.tridigitals.com/src/lib/api/core.ts:655:26)
    at Object.getAppVersion (https://billing.tridigitals.com/src/lib/api/settings.ts:16:23)
    at https://billing.tridigitals.com/src/lib/stores/settings.ts:47:23
    at loadSettings (https://billing.tridigitals.com/src/lib/stores/settings.ts:78:7)
    at Object.refresh (https://billing.tridigitals.com/src/lib/stores/settings.ts:89:13)
    at https://billing.tridigitals.com/src/lib/stores/auth.ts:72:23 @ https://billing.tridigitals.com/src/lib/api/core.ts:726
[ 1268758ms] [ERROR] Access to fetch at 'https://api-isp-management.tridigitals.com/api/auth/validate' from origin 'https://billing.tridigitals.com' has been blocked by CORS policy: Response to preflight request doesn't pass access control check: No 'Access-Control-Allow-Origin' header is present on the requested resource. @ https://billing.tridigitals.com/admin/network/installations:0
[ 1268759ms] [ERROR] Failed to load resource: net::ERR_FAILED @ https://api-isp-management.tridigitals.com/api/auth/validate:0
[ 1268760ms] [ERROR] API Error (validate_token): TypeError: Failed to fetch
    at window.fetch (https://billing.tridigitals.com/node_modules/@sveltejs/kit/src/runtime/client/fetcher.js?v=a1ff02f4:66:10)
    at safeInvoke (https://billing.tridigitals.com/src/lib/api/core.ts:655:26)
    at Object.validateToken (https://billing.tridigitals.com/src/lib/api/auth.ts:8:29)
    at run (https://billing.tridigitals.com/src/lib/stores/auth.ts:208:32)
    at async Promise.all (index 0)
    at async Module.track_reactivity_loss (https://billing.tridigitals.com/node_modules/.vite/deps/chunk-EUQQR2VU.js?v=a1ff02f4:1642:15)
    at async https://billing.tridigitals.com/src/routes/+layout.svelte:345:35 @ https://billing.tridigitals.com/src/lib/api/core.ts:726
[ 1268763ms] [ERROR] Access to fetch at 'https://api-isp-management.tridigitals.com/api/install/check' from origin 'https://billing.tridigitals.com' has been blocked by CORS policy: Response to preflight request doesn't pass access control check: No 'Access-Control-Allow-Origin' header is present on the requested resource. @ https://billing.tridigitals.com/admin/network/installations:0
[ 1268763ms] [ERROR] Failed to load resource: net::ERR_FAILED @ https://api-isp-management.tridigitals.com/api/install/check:0
[ 1268763ms] [ERROR] API Error (is_installed): TypeError: Failed to fetch
    at window.fetch (https://billing.tridigitals.com/node_modules/@sveltejs/kit/src/runtime/client/fetcher.js?v=a1ff02f4:66:10)
    at safeInvoke (https://billing.tridigitals.com/src/lib/api/core.ts:655:26)
    at Object.checkIsInstalled (https://billing.tridigitals.com/src/lib/api/install.ts:4:23)
    at checkInstallationStatus (https://billing.tridigitals.com/src/routes/+layout.svelte:282:18)
    at async Promise.all (index 1)
    at async Module.track_reactivity_loss (https://billing.tridigitals.com/node_modules/.vite/deps/chunk-EUQQR2VU.js?v=a1ff02f4:1642:15)
    at async https://billing.tridigitals.com/src/routes/+layout.svelte:345:35 @ https://billing.tridigitals.com/src/lib/api/core.ts:726
[ 1268765ms] [ERROR] Critical Error during app initialization in +layout.svelte: TypeError: Failed to fetch
    at window.fetch (https://billing.tridigitals.com/node_modules/@sveltejs/kit/src/runtime/client/fetcher.js?v=a1ff02f4:66:10)
    at safeInvoke (https://billing.tridigitals.com/src/lib/api/core.ts:655:26)
    at Object.checkIsInstalled (https://billing.tridigitals.com/src/lib/api/install.ts:4:23)
    at checkInstallationStatus (https://billing.tridigitals.com/src/routes/+layout.svelte:282:18)
    at async Promise.all (index 1)
    at async Module.track_reactivity_loss (https://billing.tridigitals.com/node_modules/.vite/deps/chunk-EUQQR2VU.js?v=a1ff02f4:1642:15)
    at async https://billing.tridigitals.com/src/routes/+layout.svelte:345:35 @ https://billing.tridigitals.com/src/routes/+layout.svelte:374
[ 1268854ms] [ERROR] Access to fetch at 'https://api-isp-management.tridigitals.com/api/notifications?page=1&per_page=20' from origin 'https://billing.tridigitals.com' has been blocked by CORS policy: Response to preflight request doesn't pass access control check: No 'Access-Control-Allow-Origin' header is present on the requested resource. @ https://billing.tridigitals.com/admin/network/installations:0
[ 1268854ms] [ERROR] Failed to load resource: net::ERR_FAILED @ https://api-isp-management.tridigitals.com/api/notifications?page=1&per_page=20:0
[ 1268854ms] [ERROR] API Error (list_notifications): TypeError: Failed to fetch
    at window.fetch (https://billing.tridigitals.com/node_modules/@sveltejs/kit/src/runtime/client/fetcher.js?v=a1ff02f4:66:10)
    at safeInvoke (https://billing.tridigitals.com/src/lib/api/core.ts:655:26)
    at Object.list (https://billing.tridigitals.com/src/lib/api/notifications.ts:3:28)
    at Object.loadNotifications (https://billing.tridigitals.com/src/lib/stores/notifications.ts:36:27)
    at https://billing.tridigitals.com/src/lib/bootstrap/rootRealtimeController.ts:19:23
    at async Module.track_reactivity_loss (https://billing.tridigitals.com/node_modules/.vite/deps/chunk-EUQQR2VU.js?v=a1ff02f4:1642:15)
    at async syncRealtimeConnections (https://billing.tridigitals.com/src/routes/+layout.svelte:270:4) @ https://billing.tridigitals.com/src/lib/api/core.ts:726
[ 1268855ms] [ERROR] Failed to load notifications: TypeError: Failed to fetch
    at window.fetch (https://billing.tridigitals.com/node_modules/@sveltejs/kit/src/runtime/client/fetcher.js?v=a1ff02f4:66:10)
    at safeInvoke (https://billing.tridigitals.com/src/lib/api/core.ts:655:26)
    at Object.list (https://billing.tridigitals.com/src/lib/api/notifications.ts:3:28)
    at Object.loadNotifications (https://billing.tridigitals.com/src/lib/stores/notifications.ts:36:27)
    at https://billing.tridigitals.com/src/lib/bootstrap/rootRealtimeController.ts:19:23
    at async Module.track_reactivity_loss (https://billing.tridigitals.com/node_modules/.vite/deps/chunk-EUQQR2VU.js?v=a1ff02f4:1642:15)
    at async syncRealtimeConnections (https://billing.tridigitals.com/src/routes/+layout.svelte:270:4) @ https://billing.tridigitals.com/src/lib/stores/notifications.ts:50
[ 1268857ms] [ERROR] WebSocket connection to 'wss://api-isp-management.tridigitals.com/api/ws' failed: Error during WebSocket handshake: Unexpected response code: 502 @ https://billing.tridigitals.com/src/lib/stores/websocket.ts:89
[ 1268887ms] [ERROR] [WS] Error: Event @ https://billing.tridigitals.com/src/lib/stores/websocket.ts:108
[ 1268888ms] [ERROR] Access to fetch at 'https://api-isp-management.tridigitals.com/api/announcements/active' from origin 'https://billing.tridigitals.com' has been blocked by CORS policy: Response to preflight request doesn't pass access control check: No 'Access-Control-Allow-Origin' header is present on the requested resource. @ https://billing.tridigitals.com/admin/network/installations:0
[ 1268888ms] [ERROR] Failed to load resource: net::ERR_FAILED @ https://api-isp-management.tridigitals.com/api/announcements/active:0
[ 1268888ms] [ERROR] API Error (list_active_announcements): TypeError: Failed to fetch
    at window.fetch (https://billing.tridigitals.com/node_modules/@sveltejs/kit/src/runtime/client/fetcher.js?v=a1ff02f4:66:10)
    at safeInvoke (https://billing.tridigitals.com/src/lib/api/core.ts:655:26)
    at Object.listActive (https://billing.tridigitals.com/src/lib/api/announcements.ts:3:21)
    at loadActiveAnnouncements (https://billing.tridigitals.com/src/lib/stores/announcements.ts:8:42)
    at https://billing.tridigitals.com/src/lib/components/layout/AnnouncementBanner.svelte:80:8
    at untrack (https://billing.tridigitals.com/node_modules/.vite/deps/chunk-EUQQR2VU.js?v=a1ff02f4:3830:12)
    at $effect (https://billing.tridigitals.com/node_modules/.vite/deps/chunk-JE4MGW45.js?v=a1ff02f4:4431:23)
    at update_reaction (https://billing.tridigitals.com/node_modules/.vite/deps/chunk-EUQQR2VU.js?v=a1ff02f4:3535:18)
    at update_effect (https://billing.tridigitals.com/node_modules/.vite/deps/chunk-EUQQR2VU.js?v=a1ff02f4:3673:21)
    at flush_queued_effects (https://billing.tridigitals.com/node_modules/.vite/deps/chunk-EUQQR2VU.js?v=a1ff02f4:2652:7) @ https://billing.tridigitals.com/src/lib/api/core.ts:726
[ 1268889ms] [WARNING] Failed to load announcements: TypeError: Failed to fetch
    at window.fetch (https://billing.tridigitals.com/node_modules/@sveltejs/kit/src/runtime/client/fetcher.js?v=a1ff02f4:66:10)
    at safeInvoke (https://billing.tridigitals.com/src/lib/api/core.ts:655:26)
    at Object.listActive (https://billing.tridigitals.com/src/lib/api/announcements.ts:3:21)
    at loadActiveAnnouncements (https://billing.tridigitals.com/src/lib/stores/announcements.ts:8:42)
    at https://billing.tridigitals.com/src/lib/components/layout/AnnouncementBanner.svelte:80:8
    at untrack (https://billing.tridigitals.com/node_modules/.vite/deps/chunk-EUQQR2VU.js?v=a1ff02f4:3830:12)
    at $effect (https://billing.tridigitals.com/node_modules/.vite/deps/chunk-JE4MGW45.js?v=a1ff02f4:4431:23)
    at update_reaction (https://billing.tridigitals.com/node_modules/.vite/deps/chunk-EUQQR2VU.js?v=a1ff02f4:3535:18)
    at update_effect (https://billing.tridigitals.com/node_modules/.vite/deps/chunk-EUQQR2VU.js?v=a1ff02f4:3673:21)
    at flush_queued_effects (https://billing.tridigitals.com/node_modules/.vite/deps/chunk-EUQQR2VU.js?v=a1ff02f4:2652:7) @ https://billing.tridigitals.com/node_modules/@sveltejs/kit/src/runtime/client/client.js?v=a1ff02f4:3208
[ 1268892ms] [ERROR] Access to fetch at 'https://api-isp-management.tridigitals.com/api/settings/installation_work_order_visibility_mode/value' from origin 'https://billing.tridigitals.com' has been blocked by CORS policy: Response to preflight request doesn't pass access control check: No 'Access-Control-Allow-Origin' header is present on the requested resource. @ https://billing.tridigitals.com/admin/network/installations:0
[ 1268892ms] [ERROR] Failed to load resource: net::ERR_FAILED @ https://api-isp-management.tridigitals.com/api/settings/installation_work_order_visibility_mode/value:0
[ 1268893ms] [ERROR] API Error (get_setting_value): TypeError: Failed to fetch
    at window.fetch (https://billing.tridigitals.com/node_modules/@sveltejs/kit/src/runtime/client/fetcher.js?v=a1ff02f4:66:10)
    at safeInvoke (https://billing.tridigitals.com/src/lib/api/core.ts:655:26)
    at Object.getValue (https://billing.tridigitals.com/src/lib/api/settings.ts:7:22)
    at loadVisibilityMode (https://billing.tridigitals.com/src/routes/(app)/admin/network/installations/+page.svelte:459:60)
    at https://billing.tridigitals.com/src/routes/(app)/admin/network/installations/+page.svelte:346:9
    at untrack (https://billing.tridigitals.com/node_modules/.vite/deps/chunk-EUQQR2VU.js?v=a1ff02f4:3830:12)
    at $effect (https://billing.tridigitals.com/node_modules/.vite/deps/chunk-JE4MGW45.js?v=a1ff02f4:4431:23)
    at update_reaction (https://billing.tridigitals.com/node_modules/.vite/deps/chunk-EUQQR2VU.js?v=a1ff02f4:3535:18)
    at update_effect (https://billing.tridigitals.com/node_modules/.vite/deps/chunk-EUQQR2VU.js?v=a1ff02f4:3673:21)
    at flush_queued_effects (https://billing.tridigitals.com/node_modules/.vite/deps/chunk-EUQQR2VU.js?v=a1ff02f4:2652:7) @ https://billing.tridigitals.com/src/lib/api/core.ts:726
[ 1268905ms] [ERROR] Access to fetch at 'https://api-isp-management.tridigitals.com/api/admin/work-orders?include_closed=false&limit=300' from origin 'https://billing.tridigitals.com' has been blocked by CORS policy: Response to preflight request doesn't pass access control check: No 'Access-Control-Allow-Origin' header is present on the requested resource. @ https://billing.tridigitals.com/admin/network/installations:0
[ 1268906ms] [ERROR] Failed to load resource: net::ERR_FAILED @ https://api-isp-management.tridigitals.com/api/admin/work-orders?include_closed=false&limit=300:0
[ 1268906ms] [ERROR] API Error (list_installation_work_orders): TypeError: Failed to fetch
    at window.fetch (https://billing.tridigitals.com/node_modules/@sveltejs/kit/src/runtime/client/fetcher.js?v=a1ff02f4:66:10)
    at safeInvoke (https://billing.tridigitals.com/src/lib/api/core.ts:655:26)
    at Object.list (https://billing.tridigitals.com/src/lib/api/workOrders.ts:3:21)
    at loadAll (https://billing.tridigitals.com/src/routes/(app)/admin/network/installations/+page.svelte:417:20)
    at https://billing.tridigitals.com/src/routes/(app)/admin/network/installations/+page.svelte:349:8
    at untrack (https://billing.tridigitals.com/node_modules/.vite/deps/chunk-EUQQR2VU.js?v=a1ff02f4:3830:12)
    at $effect (https://billing.tridigitals.com/node_modules/.vite/deps/chunk-JE4MGW45.js?v=a1ff02f4:4431:23)
    at update_reaction (https://billing.tridigitals.com/node_modules/.vite/deps/chunk-EUQQR2VU.js?v=a1ff02f4:3535:18)
    at update_effect (https://billing.tridigitals.com/node_modules/.vite/deps/chunk-EUQQR2VU.js?v=a1ff02f4:3673:21)
    at flush_queued_effects (https://billing.tridigitals.com/node_modules/.vite/deps/chunk-EUQQR2VU.js?v=a1ff02f4:2652:7) @ https://billing.tridigitals.com/src/lib/api/core.ts:726
[ 1268916ms] [ERROR] Access to fetch at 'https://api-isp-management.tridigitals.com/api/admin/work-orders/assignees' from origin 'https://billing.tridigitals.com' has been blocked by CORS policy: Response to preflight request doesn't pass access control check: No 'Access-Control-Allow-Origin' header is present on the requested resource. @ https://billing.tridigitals.com/admin/network/installations:0
[ 1268917ms] [ERROR] Failed to load resource: net::ERR_FAILED @ https://api-isp-management.tridigitals.com/api/admin/work-orders/assignees:0
[ 1268917ms] [ERROR] API Error (list_installation_assignees): TypeError: Failed to fetch
    at window.fetch (https://billing.tridigitals.com/node_modules/@sveltejs/kit/src/runtime/client/fetcher.js?v=a1ff02f4:66:10)
    at safeInvoke (https://billing.tridigitals.com/src/lib/api/core.ts:655:26)
    at Object.assignees (https://billing.tridigitals.com/src/lib/api/workOrders.ts:7:20)
    at loadAll (https://billing.tridigitals.com/src/routes/(app)/admin/network/installations/+page.svelte:419:23)
    at https://billing.tridigitals.com/src/routes/(app)/admin/network/installations/+page.svelte:349:8
    at untrack (https://billing.tridigitals.com/node_modules/.vite/deps/chunk-EUQQR2VU.js?v=a1ff02f4:3830:12)
    at $effect (https://billing.tridigitals.com/node_modules/.vite/deps/chunk-JE4MGW45.js?v=a1ff02f4:4431:23)
    at update_reaction (https://billing.tridigitals.com/node_modules/.vite/deps/chunk-EUQQR2VU.js?v=a1ff02f4:3535:18)
    at update_effect (https://billing.tridigitals.com/node_modules/.vite/deps/chunk-EUQQR2VU.js?v=a1ff02f4:3673:21)
    at flush_queued_effects (https://billing.tridigitals.com/node_modules/.vite/deps/chunk-EUQQR2VU.js?v=a1ff02f4:2652:7) @ https://billing.tridigitals.com/src/lib/api/core.ts:726
[ 1268956ms] [ERROR] Access to fetch at 'https://api-isp-management.tridigitals.com/api/notifications/unread-count' from origin 'https://billing.tridigitals.com' has been blocked by CORS policy: Response to preflight request doesn't pass access control check: No 'Access-Control-Allow-Origin' header is present on the requested resource. @ https://billing.tridigitals.com/admin/network/installations:0
[ 1268956ms] [ERROR] Failed to load resource: net::ERR_FAILED @ https://api-isp-management.tridigitals.com/api/notifications/unread-count:0
[ 1268956ms] [ERROR] API Error (get_unread_count): TypeError: Failed to fetch
    at window.fetch (https://billing.tridigitals.com/node_modules/@sveltejs/kit/src/runtime/client/fetcher.js?v=a1ff02f4:66:10)
    at safeInvoke (https://billing.tridigitals.com/src/lib/api/core.ts:655:26)
    at Object.getUnreadCount (https://billing.tridigitals.com/src/lib/api/notifications.ts:4:25)
    at Object.refreshUnreadCount (https://billing.tridigitals.com/src/lib/stores/notifications.ts:60:27)
    at https://billing.tridigitals.com/src/lib/bootstrap/rootRealtimeController.ts:20:17
    at async Module.track_reactivity_loss (https://billing.tridigitals.com/node_modules/.vite/deps/chunk-EUQQR2VU.js?v=a1ff02f4:1642:15)
    at async syncRealtimeConnections (https://billing.tridigitals.com/src/routes/+layout.svelte:270:4) @ https://billing.tridigitals.com/src/lib/api/core.ts:726
[ 1268956ms] [ERROR] Failed to get unread count: TypeError: Failed to fetch
    at window.fetch (https://billing.tridigitals.com/node_modules/@sveltejs/kit/src/runtime/client/fetcher.js?v=a1ff02f4:66:10)
    at safeInvoke (https://billing.tridigitals.com/src/lib/api/core.ts:655:26)
    at Object.getUnreadCount (https://billing.tridigitals.com/src/lib/api/notifications.ts:4:25)
    at Object.refreshUnreadCount (https://billing.tridigitals.com/src/lib/stores/notifications.ts:60:27)
    at https://billing.tridigitals.com/src/lib/bootstrap/rootRealtimeController.ts:20:17
    at async Module.track_reactivity_loss (https://billing.tridigitals.com/node_modules/.vite/deps/chunk-EUQQR2VU.js?v=a1ff02f4:1642:15)
    at async syncRealtimeConnections (https://billing.tridigitals.com/src/routes/+layout.svelte:270:4) @ https://billing.tridigitals.com/src/lib/stores/notifications.ts:63
[ 1271203ms] [ERROR] WebSocket connection to 'wss://api-isp-management.tridigitals.com/api/ws' failed: Error during WebSocket handshake: Unexpected response code: 502 @ https://billing.tridigitals.com/src/lib/stores/websocket.ts:89
[ 1271204ms] [ERROR] [WS] Error: Event @ https://billing.tridigitals.com/src/lib/stores/websocket.ts:108
[ 1273699ms] [ERROR] WebSocket connection to 'wss://api-isp-management.tridigitals.com/api/ws' failed: Error during WebSocket handshake: Unexpected response code: 502 @ https://billing.tridigitals.com/src/lib/stores/websocket.ts:89
[ 1273699ms] [ERROR] [WS] Error: Event @ https://billing.tridigitals.com/src/lib/stores/websocket.ts:108
[ 1276201ms] [ERROR] WebSocket connection to 'wss://api-isp-management.tridigitals.com/api/ws' failed: Error during WebSocket handshake: Unexpected response code: 502 @ https://billing.tridigitals.com/src/lib/stores/websocket.ts:89
[ 1276202ms] [ERROR] [WS] Error: Event @ https://billing.tridigitals.com/src/lib/stores/websocket.ts:108
[ 1278701ms] [ERROR] WebSocket connection to 'wss://api-isp-management.tridigitals.com/api/ws' failed: Error during WebSocket handshake: Unexpected response code: 502 @ https://billing.tridigitals.com/src/lib/stores/websocket.ts:89
[ 1278702ms] [ERROR] [WS] Error: Event @ https://billing.tridigitals.com/src/lib/stores/websocket.ts:108
[ 1281198ms] [ERROR] WebSocket connection to 'wss://api-isp-management.tridigitals.com/api/ws' failed: Error during WebSocket handshake: Unexpected response code: 502 @ https://billing.tridigitals.com/src/lib/stores/websocket.ts:89
[ 1281199ms] [ERROR] [WS] Error: Event @ https://billing.tridigitals.com/src/lib/stores/websocket.ts:108
[ 1283698ms] [ERROR] WebSocket connection to 'wss://api-isp-management.tridigitals.com/api/ws' failed: Error during WebSocket handshake: Unexpected response code: 502 @ https://billing.tridigitals.com/src/lib/stores/websocket.ts:89
[ 1283698ms] [ERROR] [WS] Error: Event @ https://billing.tridigitals.com/src/lib/stores/websocket.ts:108
[ 1286198ms] [ERROR] WebSocket connection to 'wss://api-isp-management.tridigitals.com/api/ws' failed: Error during WebSocket handshake: Unexpected response code: 502 @ https://billing.tridigitals.com/src/lib/stores/websocket.ts:89
[ 1286198ms] [ERROR] [WS] Error: Event @ https://billing.tridigitals.com/src/lib/stores/websocket.ts:108
[ 1288699ms] [ERROR] WebSocket connection to 'wss://api-isp-management.tridigitals.com/api/ws' failed: Error during WebSocket handshake: Unexpected response code: 502 @ https://billing.tridigitals.com/src/lib/stores/websocket.ts:89
[ 1288700ms] [ERROR] [WS] Error: Event @ https://billing.tridigitals.com/src/lib/stores/websocket.ts:108
[ 1291198ms] [ERROR] WebSocket connection to 'wss://api-isp-management.tridigitals.com/api/ws' failed: Error during WebSocket handshake: Unexpected response code: 502 @ https://billing.tridigitals.com/src/lib/stores/websocket.ts:89
[ 1291198ms] [ERROR] [WS] Error: Event @ https://billing.tridigitals.com/src/lib/stores/websocket.ts:108
[ 1293698ms] [ERROR] WebSocket connection to 'wss://api-isp-management.tridigitals.com/api/ws' failed: Error during WebSocket handshake: Unexpected response code: 502 @ https://billing.tridigitals.com/src/lib/stores/websocket.ts:89
[ 1293699ms] [ERROR] [WS] Error: Event @ https://billing.tridigitals.com/src/lib/stores/websocket.ts:108
[ 1296199ms] [ERROR] WebSocket connection to 'wss://api-isp-management.tridigitals.com/api/ws' failed: Error during WebSocket handshake: Unexpected response code: 502 @ https://billing.tridigitals.com/src/lib/stores/websocket.ts:89
[ 1296199ms] [ERROR] [WS] Error: Event @ https://billing.tridigitals.com/src/lib/stores/websocket.ts:108
[ 1298698ms] [ERROR] WebSocket connection to 'wss://api-isp-management.tridigitals.com/api/ws' failed: Error during WebSocket handshake: Unexpected response code: 502 @ https://billing.tridigitals.com/src/lib/stores/websocket.ts:89
[ 1298698ms] [ERROR] [WS] Error: Event @ https://billing.tridigitals.com/src/lib/stores/websocket.ts:108
[ 1301203ms] [ERROR] WebSocket connection to 'wss://api-isp-management.tridigitals.com/api/ws' failed: Error during WebSocket handshake: Unexpected response code: 502 @ https://billing.tridigitals.com/src/lib/stores/websocket.ts:89
[ 1301203ms] [ERROR] [WS] Error: Event @ https://billing.tridigitals.com/src/lib/stores/websocket.ts:108
[ 1303696ms] [ERROR] WebSocket connection to 'wss://api-isp-management.tridigitals.com/api/ws' failed: Error during WebSocket handshake: Unexpected response code: 502 @ https://billing.tridigitals.com/src/lib/stores/websocket.ts:89
[ 1303697ms] [ERROR] [WS] Error: Event @ https://billing.tridigitals.com/src/lib/stores/websocket.ts:108
[ 1306200ms] [ERROR] WebSocket connection to 'wss://api-isp-management.tridigitals.com/api/ws' failed: Error during WebSocket handshake: Unexpected response code: 502 @ https://billing.tridigitals.com/src/lib/stores/websocket.ts:89
[ 1306201ms] [ERROR] [WS] Error: Event @ https://billing.tridigitals.com/src/lib/stores/websocket.ts:108
[ 1308698ms] [ERROR] WebSocket connection to 'wss://api-isp-management.tridigitals.com/api/ws' failed: Error during WebSocket handshake: Unexpected response code: 502 @ https://billing.tridigitals.com/src/lib/stores/websocket.ts:89
[ 1308698ms] [ERROR] [WS] Error: Event @ https://billing.tridigitals.com/src/lib/stores/websocket.ts:108
[ 1311349ms] [ERROR] Access to fetch at 'https://api-isp-management.tridigitals.com/api/auth/settings' from origin 'https://billing.tridigitals.com' has been blocked by CORS policy: Response to preflight request doesn't pass access control check: No 'Access-Control-Allow-Origin' header is present on the requested resource. @ https://billing.tridigitals.com/admin/network/installations:0
[ 1311350ms] [ERROR] Failed to load resource: net::ERR_FAILED @ https://api-isp-management.tridigitals.com/api/auth/settings:0
[ 1311350ms] [ERROR] API Error (get_auth_settings): TypeError: Failed to fetch
    at window.fetch (https://billing.tridigitals.com/node_modules/@sveltejs/kit/src/runtime/client/fetcher.js?v=a1ff02f4:66:10)
    at safeInvoke (https://billing.tridigitals.com/src/lib/api/core.ts:655:26)
    at Object.getAuthSettings (https://billing.tridigitals.com/src/lib/api/settings.ts:5:26)
    at https://billing.tridigitals.com/src/lib/stores/settings.ts:44:23
    at loadSettings (https://billing.tridigitals.com/src/lib/stores/settings.ts:78:7)
    at Object.init (https://billing.tridigitals.com/src/lib/stores/settings.ts:86:13)
    at initializeLocale (https://billing.tridigitals.com/src/routes/+layout.svelte:191:47)
    at https://billing.tridigitals.com/src/routes/+layout.svelte:340:25
    at run (https://billing.tridigitals.com/node_modules/.vite/deps/chunk-EUQQR2VU.js?v=a1ff02f4:79:10)
    at Array.map (<anonymous>) @ https://billing.tridigitals.com/src/lib/api/core.ts:726
[ 1311352ms] [ERROR] Access to fetch at 'https://api-isp-management.tridigitals.com/api/settings/public' from origin 'https://billing.tridigitals.com' has been blocked by CORS policy: Response to preflight request doesn't pass access control check: No 'Access-Control-Allow-Origin' header is present on the requested resource. @ https://billing.tridigitals.com/admin/network/installations:0
[ 1311353ms] [ERROR] Failed to load resource: net::ERR_FAILED @ https://api-isp-management.tridigitals.com/api/settings/public:0
[ 1311353ms] [ERROR] API Error (get_public_settings): TypeError: Failed to fetch
    at window.fetch (https://billing.tridigitals.com/node_modules/@sveltejs/kit/src/runtime/client/fetcher.js?v=a1ff02f4:66:10)
    at safeInvoke (https://billing.tridigitals.com/src/lib/api/core.ts:655:26)
    at Object.getPublicSettings (https://billing.tridigitals.com/src/lib/api/settings.ts:4:28)
    at https://billing.tridigitals.com/src/lib/stores/settings.ts:45:23
    at loadSettings (https://billing.tridigitals.com/src/lib/stores/settings.ts:78:7)
    at Object.init (https://billing.tridigitals.com/src/lib/stores/settings.ts:86:13)
    at initializeLocale (https://billing.tridigitals.com/src/routes/+layout.svelte:191:47)
    at https://billing.tridigitals.com/src/routes/+layout.svelte:340:25
    at run (https://billing.tridigitals.com/node_modules/.vite/deps/chunk-EUQQR2VU.js?v=a1ff02f4:79:10)
    at Array.map (<anonymous>) @ https://billing.tridigitals.com/src/lib/api/core.ts:726
[ 1311355ms] [ERROR] Access to fetch at 'https://api-isp-management.tridigitals.com/api/settings' from origin 'https://billing.tridigitals.com' has been blocked by CORS policy: Response to preflight request doesn't pass access control check: No 'Access-Control-Allow-Origin' header is present on the requested resource. @ https://billing.tridigitals.com/admin/network/installations:0
[ 1311355ms] [ERROR] Failed to load resource: net::ERR_FAILED @ https://api-isp-management.tridigitals.com/api/settings:0
[ 1311356ms] [ERROR] API Error (get_all_settings): TypeError: Failed to fetch
    at window.fetch (https://billing.tridigitals.com/node_modules/@sveltejs/kit/src/runtime/client/fetcher.js?v=a1ff02f4:66:10)
    at safeInvoke (https://billing.tridigitals.com/src/lib/api/core.ts:655:26)
    at Object.getAll (https://billing.tridigitals.com/src/lib/api/settings.ts:3:17)
    at https://billing.tridigitals.com/src/lib/stores/settings.ts:46:41
    at loadSettings (https://billing.tridigitals.com/src/lib/stores/settings.ts:78:7)
    at Object.init (https://billing.tridigitals.com/src/lib/stores/settings.ts:86:13)
    at initializeLocale (https://billing.tridigitals.com/src/routes/+layout.svelte:191:47)
    at https://billing.tridigitals.com/src/routes/+layout.svelte:340:25
    at run (https://billing.tridigitals.com/node_modules/.vite/deps/chunk-EUQQR2VU.js?v=a1ff02f4:79:10)
    at Array.map (<anonymous>) @ https://billing.tridigitals.com/src/lib/api/core.ts:726
[ 1311356ms] [ERROR] Access to fetch at 'https://api-isp-management.tridigitals.com/api/version' from origin 'https://billing.tridigitals.com' has been blocked by CORS policy: Response to preflight request doesn't pass access control check: No 'Access-Control-Allow-Origin' header is present on the requested resource. @ https://billing.tridigitals.com/admin/network/installations:0
[ 1311357ms] [ERROR] Failed to load resource: net::ERR_FAILED @ https://api-isp-management.tridigitals.com/api/version:0
[ 1311358ms] [ERROR] API Error (get_app_version): TypeError: Failed to fetch
    at window.fetch (https://billing.tridigitals.com/node_modules/@sveltejs/kit/src/runtime/client/fetcher.js?v=a1ff02f4:66:10)
    at safeInvoke (https://billing.tridigitals.com/src/lib/api/core.ts:655:26)
    at Object.getAppVersion (https://billing.tridigitals.com/src/lib/api/settings.ts:16:23)
    at https://billing.tridigitals.com/src/lib/stores/settings.ts:47:23
    at loadSettings (https://billing.tridigitals.com/src/lib/stores/settings.ts:78:7)
    at Object.init (https://billing.tridigitals.com/src/lib/stores/settings.ts:86:13)
    at initializeLocale (https://billing.tridigitals.com/src/routes/+layout.svelte:191:47)
    at https://billing.tridigitals.com/src/routes/+layout.svelte:340:25
    at run (https://billing.tridigitals.com/node_modules/.vite/deps/chunk-EUQQR2VU.js?v=a1ff02f4:79:10)
    at Array.map (<anonymous>) @ https://billing.tridigitals.com/src/lib/api/core.ts:726
[ 1311428ms] [ERROR] Access to fetch at 'https://api-isp-management.tridigitals.com/api/settings/logo' from origin 'https://billing.tridigitals.com' has been blocked by CORS policy: Response to preflight request doesn't pass access control check: No 'Access-Control-Allow-Origin' header is present on the requested resource. @ https://billing.tridigitals.com/admin/network/installations:0
[ 1311428ms] [ERROR] Failed to load resource: net::ERR_FAILED @ https://api-isp-management.tridigitals.com/api/settings/logo:0
[ 1311429ms] [ERROR] API Error (get_logo): TypeError: Failed to fetch
    at window.fetch (https://billing.tridigitals.com/node_modules/@sveltejs/kit/src/runtime/client/fetcher.js?v=a1ff02f4:66:10)
    at safeInvoke (https://billing.tridigitals.com/src/lib/api/core.ts:655:26)
    at Object.getLogo (https://billing.tridigitals.com/src/lib/api/settings.ts:11:23)
    at Object.refresh (https://billing.tridigitals.com/src/lib/stores/logo.ts:54:40)
    at https://billing.tridigitals.com/src/lib/stores/auth.ts:71:19 @ https://billing.tridigitals.com/src/lib/api/core.ts:726
[ 1311429ms] [ERROR] [LogoStore] Failed to load logo: TypeError: Failed to fetch
    at window.fetch (https://billing.tridigitals.com/node_modules/@sveltejs/kit/src/runtime/client/fetcher.js?v=a1ff02f4:66:10)
    at safeInvoke (https://billing.tridigitals.com/src/lib/api/core.ts:655:26)
    at Object.getLogo (https://billing.tridigitals.com/src/lib/api/settings.ts:11:23)
    at Object.refresh (https://billing.tridigitals.com/src/lib/stores/logo.ts:54:40)
    at https://billing.tridigitals.com/src/lib/stores/auth.ts:71:19 @ https://billing.tridigitals.com/src/lib/stores/logo.ts:61
[ 1311432ms] [ERROR] Access to fetch at 'https://api-isp-management.tridigitals.com/api/auth/settings' from origin 'https://billing.tridigitals.com' has been blocked by CORS policy: Response to preflight request doesn't pass access control check: No 'Access-Control-Allow-Origin' header is present on the requested resource. @ https://billing.tridigitals.com/admin/network/installations:0
[ 1311432ms] [ERROR] Failed to load resource: net::ERR_FAILED @ https://api-isp-management.tridigitals.com/api/auth/settings:0
[ 1311433ms] [ERROR] API Error (get_auth_settings): TypeError: Failed to fetch
    at window.fetch (https://billing.tridigitals.com/node_modules/@sveltejs/kit/src/runtime/client/fetcher.js?v=a1ff02f4:66:10)
    at safeInvoke (https://billing.tridigitals.com/src/lib/api/core.ts:655:26)
    at Object.getAuthSettings (https://billing.tridigitals.com/src/lib/api/settings.ts:5:26)
    at https://billing.tridigitals.com/src/lib/stores/settings.ts:44:23
    at loadSettings (https://billing.tridigitals.com/src/lib/stores/settings.ts:78:7)
    at Object.refresh (https://billing.tridigitals.com/src/lib/stores/settings.ts:89:13)
    at https://billing.tridigitals.com/src/lib/stores/auth.ts:72:23 @ https://billing.tridigitals.com/src/lib/api/core.ts:726
[ 1311434ms] [ERROR] Access to fetch at 'https://api-isp-management.tridigitals.com/api/settings/public' from origin 'https://billing.tridigitals.com' has been blocked by CORS policy: Response to preflight request doesn't pass access control check: No 'Access-Control-Allow-Origin' header is present on the requested resource. @ https://billing.tridigitals.com/admin/network/installations:0
[ 1311434ms] [ERROR] Failed to load resource: net::ERR_FAILED @ https://api-isp-management.tridigitals.com/api/settings/public:0
[ 1311434ms] [ERROR] API Error (get_public_settings): TypeError: Failed to fetch
    at window.fetch (https://billing.tridigitals.com/node_modules/@sveltejs/kit/src/runtime/client/fetcher.js?v=a1ff02f4:66:10)
    at safeInvoke (https://billing.tridigitals.com/src/lib/api/core.ts:655:26)
    at Object.getPublicSettings (https://billing.tridigitals.com/src/lib/api/settings.ts:4:28)
    at https://billing.tridigitals.com/src/lib/stores/settings.ts:45:23
    at loadSettings (https://billing.tridigitals.com/src/lib/stores/settings.ts:78:7)
    at Object.refresh (https://billing.tridigitals.com/src/lib/stores/settings.ts:89:13)
    at https://billing.tridigitals.com/src/lib/stores/auth.ts:72:23 @ https://billing.tridigitals.com/src/lib/api/core.ts:726
[ 1311435ms] [ERROR] Access to fetch at 'https://api-isp-management.tridigitals.com/api/settings' from origin 'https://billing.tridigitals.com' has been blocked by CORS policy: Response to preflight request doesn't pass access control check: No 'Access-Control-Allow-Origin' header is present on the requested resource. @ https://billing.tridigitals.com/admin/network/installations:0
[ 1311435ms] [ERROR] Failed to load resource: net::ERR_FAILED @ https://api-isp-management.tridigitals.com/api/settings:0
[ 1311435ms] [ERROR] API Error (get_all_settings): TypeError: Failed to fetch
    at window.fetch (https://billing.tridigitals.com/node_modules/@sveltejs/kit/src/runtime/client/fetcher.js?v=a1ff02f4:66:10)
    at safeInvoke (https://billing.tridigitals.com/src/lib/api/core.ts:655:26)
    at Object.getAll (https://billing.tridigitals.com/src/lib/api/settings.ts:3:17)
    at https://billing.tridigitals.com/src/lib/stores/settings.ts:46:41
    at loadSettings (https://billing.tridigitals.com/src/lib/stores/settings.ts:78:7)
    at Object.refresh (https://billing.tridigitals.com/src/lib/stores/settings.ts:89:13)
    at https://billing.tridigitals.com/src/lib/stores/auth.ts:72:23 @ https://billing.tridigitals.com/src/lib/api/core.ts:726
[ 1311436ms] [ERROR] Access to fetch at 'https://api-isp-management.tridigitals.com/api/version' from origin 'https://billing.tridigitals.com' has been blocked by CORS policy: Response to preflight request doesn't pass access control check: No 'Access-Control-Allow-Origin' header is present on the requested resource. @ https://billing.tridigitals.com/admin/network/installations:0
[ 1311437ms] [ERROR] Failed to load resource: net::ERR_FAILED @ https://api-isp-management.tridigitals.com/api/version:0
[ 1311437ms] [ERROR] API Error (get_app_version): TypeError: Failed to fetch
    at window.fetch (https://billing.tridigitals.com/node_modules/@sveltejs/kit/src/runtime/client/fetcher.js?v=a1ff02f4:66:10)
    at safeInvoke (https://billing.tridigitals.com/src/lib/api/core.ts:655:26)
    at Object.getAppVersion (https://billing.tridigitals.com/src/lib/api/settings.ts:16:23)
    at https://billing.tridigitals.com/src/lib/stores/settings.ts:47:23
    at loadSettings (https://billing.tridigitals.com/src/lib/stores/settings.ts:78:7)
    at Object.refresh (https://billing.tridigitals.com/src/lib/stores/settings.ts:89:13)
    at https://billing.tridigitals.com/src/lib/stores/auth.ts:72:23 @ https://billing.tridigitals.com/src/lib/api/core.ts:726
[ 1311438ms] [ERROR] Access to fetch at 'https://api-isp-management.tridigitals.com/api/auth/validate' from origin 'https://billing.tridigitals.com' has been blocked by CORS policy: Response to preflight request doesn't pass access control check: No 'Access-Control-Allow-Origin' header is present on the requested resource. @ https://billing.tridigitals.com/admin/network/installations:0
[ 1311439ms] [ERROR] Failed to load resource: net::ERR_FAILED @ https://api-isp-management.tridigitals.com/api/auth/validate:0
[ 1311439ms] [ERROR] API Error (validate_token): TypeError: Failed to fetch
    at window.fetch (https://billing.tridigitals.com/node_modules/@sveltejs/kit/src/runtime/client/fetcher.js?v=a1ff02f4:66:10)
    at safeInvoke (https://billing.tridigitals.com/src/lib/api/core.ts:655:26)
    at Object.validateToken (https://billing.tridigitals.com/src/lib/api/auth.ts:8:29)
    at run (https://billing.tridigitals.com/src/lib/stores/auth.ts:208:32)
    at async Promise.all (index 0)
    at async Module.track_reactivity_loss (https://billing.tridigitals.com/node_modules/.vite/deps/chunk-EUQQR2VU.js?v=a1ff02f4:1642:15)
    at async https://billing.tridigitals.com/src/routes/+layout.svelte:345:35 @ https://billing.tridigitals.com/src/lib/api/core.ts:726
[ 1311440ms] [ERROR] Access to fetch at 'https://api-isp-management.tridigitals.com/api/install/check' from origin 'https://billing.tridigitals.com' has been blocked by CORS policy: Response to preflight request doesn't pass access control check: No 'Access-Control-Allow-Origin' header is present on the requested resource. @ https://billing.tridigitals.com/admin/network/installations:0
[ 1311440ms] [ERROR] Failed to load resource: net::ERR_FAILED @ https://api-isp-management.tridigitals.com/api/install/check:0
[ 1311440ms] [ERROR] API Error (is_installed): TypeError: Failed to fetch
    at window.fetch (https://billing.tridigitals.com/node_modules/@sveltejs/kit/src/runtime/client/fetcher.js?v=a1ff02f4:66:10)
    at safeInvoke (https://billing.tridigitals.com/src/lib/api/core.ts:655:26)
    at Object.checkIsInstalled (https://billing.tridigitals.com/src/lib/api/install.ts:4:23)
    at checkInstallationStatus (https://billing.tridigitals.com/src/routes/+layout.svelte:282:18)
    at async Promise.all (index 1)
    at async Module.track_reactivity_loss (https://billing.tridigitals.com/node_modules/.vite/deps/chunk-EUQQR2VU.js?v=a1ff02f4:1642:15)
    at async https://billing.tridigitals.com/src/routes/+layout.svelte:345:35 @ https://billing.tridigitals.com/src/lib/api/core.ts:726
[ 1311441ms] [ERROR] Critical Error during app initialization in +layout.svelte: TypeError: Failed to fetch
    at window.fetch (https://billing.tridigitals.com/node_modules/@sveltejs/kit/src/runtime/client/fetcher.js?v=a1ff02f4:66:10)
    at safeInvoke (https://billing.tridigitals.com/src/lib/api/core.ts:655:26)
    at Object.checkIsInstalled (https://billing.tridigitals.com/src/lib/api/install.ts:4:23)
    at checkInstallationStatus (https://billing.tridigitals.com/src/routes/+layout.svelte:282:18)
    at async Promise.all (index 1)
    at async Module.track_reactivity_loss (https://billing.tridigitals.com/node_modules/.vite/deps/chunk-EUQQR2VU.js?v=a1ff02f4:1642:15)
    at async https://billing.tridigitals.com/src/routes/+layout.svelte:345:35 @ https://billing.tridigitals.com/src/routes/+layout.svelte:374
[ 1311526ms] [ERROR] Access to fetch at 'https://api-isp-management.tridigitals.com/api/notifications?page=1&per_page=20' from origin 'https://billing.tridigitals.com' has been blocked by CORS policy: Response to preflight request doesn't pass access control check: No 'Access-Control-Allow-Origin' header is present on the requested resource. @ https://billing.tridigitals.com/admin/network/installations:0
[ 1311526ms] [ERROR] Failed to load resource: net::ERR_FAILED @ https://api-isp-management.tridigitals.com/api/notifications?page=1&per_page=20:0
[ 1311526ms] [ERROR] API Error (list_notifications): TypeError: Failed to fetch
    at window.fetch (https://billing.tridigitals.com/node_modules/@sveltejs/kit/src/runtime/client/fetcher.js?v=a1ff02f4:66:10)
    at safeInvoke (https://billing.tridigitals.com/src/lib/api/core.ts:655:26)
    at Object.list (https://billing.tridigitals.com/src/lib/api/notifications.ts:3:28)
    at Object.loadNotifications (https://billing.tridigitals.com/src/lib/stores/notifications.ts:36:27)
    at https://billing.tridigitals.com/src/lib/bootstrap/rootRealtimeController.ts:19:23
    at async Module.track_reactivity_loss (https://billing.tridigitals.com/node_modules/.vite/deps/chunk-EUQQR2VU.js?v=a1ff02f4:1642:15)
    at async syncRealtimeConnections (https://billing.tridigitals.com/src/routes/+layout.svelte:270:4) @ https://billing.tridigitals.com/src/lib/api/core.ts:726
[ 1311527ms] [ERROR] Failed to load notifications: TypeError: Failed to fetch
    at window.fetch (https://billing.tridigitals.com/node_modules/@sveltejs/kit/src/runtime/client/fetcher.js?v=a1ff02f4:66:10)
    at safeInvoke (https://billing.tridigitals.com/src/lib/api/core.ts:655:26)
    at Object.list (https://billing.tridigitals.com/src/lib/api/notifications.ts:3:28)
    at Object.loadNotifications (https://billing.tridigitals.com/src/lib/stores/notifications.ts:36:27)
    at https://billing.tridigitals.com/src/lib/bootstrap/rootRealtimeController.ts:19:23
    at async Module.track_reactivity_loss (https://billing.tridigitals.com/node_modules/.vite/deps/chunk-EUQQR2VU.js?v=a1ff02f4:1642:15)
    at async syncRealtimeConnections (https://billing.tridigitals.com/src/routes/+layout.svelte:270:4) @ https://billing.tridigitals.com/src/lib/stores/notifications.ts:50
[ 1311561ms] [ERROR] WebSocket connection to 'wss://api-isp-management.tridigitals.com/api/ws' failed: Error during WebSocket handshake: Unexpected response code: 502 @ https://billing.tridigitals.com/src/lib/stores/websocket.ts:89
[ 1311575ms] [ERROR] [WS] Error: Event @ https://billing.tridigitals.com/src/lib/stores/websocket.ts:108
[ 1311638ms] [ERROR] Access to fetch at 'https://api-isp-management.tridigitals.com/api/announcements/active' from origin 'https://billing.tridigitals.com' has been blocked by CORS policy: Response to preflight request doesn't pass access control check: No 'Access-Control-Allow-Origin' header is present on the requested resource. @ https://billing.tridigitals.com/admin/network/installations:0
[ 1311638ms] [ERROR] Failed to load resource: net::ERR_FAILED @ https://api-isp-management.tridigitals.com/api/announcements/active:0
[ 1311639ms] [ERROR] API Error (list_active_announcements): TypeError: Failed to fetch
    at window.fetch (https://billing.tridigitals.com/node_modules/@sveltejs/kit/src/runtime/client/fetcher.js?v=a1ff02f4:66:10)
    at safeInvoke (https://billing.tridigitals.com/src/lib/api/core.ts:655:26)
    at Object.listActive (https://billing.tridigitals.com/src/lib/api/announcements.ts:3:21)
    at loadActiveAnnouncements (https://billing.tridigitals.com/src/lib/stores/announcements.ts:8:42)
    at https://billing.tridigitals.com/src/lib/components/layout/AnnouncementBanner.svelte:80:8
    at untrack (https://billing.tridigitals.com/node_modules/.vite/deps/chunk-EUQQR2VU.js?v=a1ff02f4:3830:12)
    at $effect (https://billing.tridigitals.com/node_modules/.vite/deps/chunk-JE4MGW45.js?v=a1ff02f4:4431:23)
    at update_reaction (https://billing.tridigitals.com/node_modules/.vite/deps/chunk-EUQQR2VU.js?v=a1ff02f4:3535:18)
    at update_effect (https://billing.tridigitals.com/node_modules/.vite/deps/chunk-EUQQR2VU.js?v=a1ff02f4:3673:21)
    at flush_queued_effects (https://billing.tridigitals.com/node_modules/.vite/deps/chunk-EUQQR2VU.js?v=a1ff02f4:2652:7) @ https://billing.tridigitals.com/src/lib/api/core.ts:726
[ 1311639ms] [WARNING] Failed to load announcements: TypeError: Failed to fetch
    at window.fetch (https://billing.tridigitals.com/node_modules/@sveltejs/kit/src/runtime/client/fetcher.js?v=a1ff02f4:66:10)
    at safeInvoke (https://billing.tridigitals.com/src/lib/api/core.ts:655:26)
    at Object.listActive (https://billing.tridigitals.com/src/lib/api/announcements.ts:3:21)
    at loadActiveAnnouncements (https://billing.tridigitals.com/src/lib/stores/announcements.ts:8:42)
    at https://billing.tridigitals.com/src/lib/components/layout/AnnouncementBanner.svelte:80:8
    at untrack (https://billing.tridigitals.com/node_modules/.vite/deps/chunk-EUQQR2VU.js?v=a1ff02f4:3830:12)
    at $effect (https://billing.tridigitals.com/node_modules/.vite/deps/chunk-JE4MGW45.js?v=a1ff02f4:4431:23)
    at update_reaction (https://billing.tridigitals.com/node_modules/.vite/deps/chunk-EUQQR2VU.js?v=a1ff02f4:3535:18)
    at update_effect (https://billing.tridigitals.com/node_modules/.vite/deps/chunk-EUQQR2VU.js?v=a1ff02f4:3673:21)
    at flush_queued_effects (https://billing.tridigitals.com/node_modules/.vite/deps/chunk-EUQQR2VU.js?v=a1ff02f4:2652:7) @ https://billing.tridigitals.com/node_modules/@sveltejs/kit/src/runtime/client/client.js?v=a1ff02f4:3208
[ 1311642ms] [ERROR] Access to fetch at 'https://api-isp-management.tridigitals.com/api/settings/installation_work_order_visibility_mode/value' from origin 'https://billing.tridigitals.com' has been blocked by CORS policy: Response to preflight request doesn't pass access control check: No 'Access-Control-Allow-Origin' header is present on the requested resource. @ https://billing.tridigitals.com/admin/network/installations:0
[ 1311642ms] [ERROR] Failed to load resource: net::ERR_FAILED @ https://api-isp-management.tridigitals.com/api/settings/installation_work_order_visibility_mode/value:0
[ 1311643ms] [ERROR] API Error (get_setting_value): TypeError: Failed to fetch
    at window.fetch (https://billing.tridigitals.com/node_modules/@sveltejs/kit/src/runtime/client/fetcher.js?v=a1ff02f4:66:10)
    at safeInvoke (https://billing.tridigitals.com/src/lib/api/core.ts:655:26)
    at Object.getValue (https://billing.tridigitals.com/src/lib/api/settings.ts:7:22)
    at loadVisibilityMode (https://billing.tridigitals.com/src/routes/(app)/admin/network/installations/+page.svelte:459:60)
    at https://billing.tridigitals.com/src/routes/(app)/admin/network/installations/+page.svelte:346:9
    at untrack (https://billing.tridigitals.com/node_modules/.vite/deps/chunk-EUQQR2VU.js?v=a1ff02f4:3830:12)
    at $effect (https://billing.tridigitals.com/node_modules/.vite/deps/chunk-JE4MGW45.js?v=a1ff02f4:4431:23)
    at update_reaction (https://billing.tridigitals.com/node_modules/.vite/deps/chunk-EUQQR2VU.js?v=a1ff02f4:3535:18)
    at update_effect (https://billing.tridigitals.com/node_modules/.vite/deps/chunk-EUQQR2VU.js?v=a1ff02f4:3673:21)
    at flush_queued_effects (https://billing.tridigitals.com/node_modules/.vite/deps/chunk-EUQQR2VU.js?v=a1ff02f4:2652:7) @ https://billing.tridigitals.com/src/lib/api/core.ts:726
[ 1311644ms] [ERROR] Access to fetch at 'https://api-isp-management.tridigitals.com/api/admin/work-orders?include_closed=false&limit=300' from origin 'https://billing.tridigitals.com' has been blocked by CORS policy: Response to preflight request doesn't pass access control check: No 'Access-Control-Allow-Origin' header is present on the requested resource. @ https://billing.tridigitals.com/admin/network/installations:0
[ 1311644ms] [ERROR] Failed to load resource: net::ERR_FAILED @ https://api-isp-management.tridigitals.com/api/admin/work-orders?include_closed=false&limit=300:0
[ 1311645ms] [ERROR] API Error (list_installation_work_orders): TypeError: Failed to fetch
    at window.fetch (https://billing.tridigitals.com/node_modules/@sveltejs/kit/src/runtime/client/fetcher.js?v=a1ff02f4:66:10)
    at safeInvoke (https://billing.tridigitals.com/src/lib/api/core.ts:655:26)
    at Object.list (https://billing.tridigitals.com/src/lib/api/workOrders.ts:3:21)
    at loadAll (https://billing.tridigitals.com/src/routes/(app)/admin/network/installations/+page.svelte:417:20)
    at https://billing.tridigitals.com/src/routes/(app)/admin/network/installations/+page.svelte:349:8
    at untrack (https://billing.tridigitals.com/node_modules/.vite/deps/chunk-EUQQR2VU.js?v=a1ff02f4:3830:12)
    at $effect (https://billing.tridigitals.com/node_modules/.vite/deps/chunk-JE4MGW45.js?v=a1ff02f4:4431:23)
    at update_reaction (https://billing.tridigitals.com/node_modules/.vite/deps/chunk-EUQQR2VU.js?v=a1ff02f4:3535:18)
    at update_effect (https://billing.tridigitals.com/node_modules/.vite/deps/chunk-EUQQR2VU.js?v=a1ff02f4:3673:21)
    at flush_queued_effects (https://billing.tridigitals.com/node_modules/.vite/deps/chunk-EUQQR2VU.js?v=a1ff02f4:2652:7) @ https://billing.tridigitals.com/src/lib/api/core.ts:726
[ 1311654ms] [ERROR] Access to fetch at 'https://api-isp-management.tridigitals.com/api/admin/work-orders/assignees' from origin 'https://billing.tridigitals.com' has been blocked by CORS policy: Response to preflight request doesn't pass access control check: No 'Access-Control-Allow-Origin' header is present on the requested resource. @ https://billing.tridigitals.com/admin/network/installations:0
[ 1311656ms] [ERROR] Failed to load resource: net::ERR_FAILED @ https://api-isp-management.tridigitals.com/api/admin/work-orders/assignees:0
[ 1311656ms] [ERROR] API Error (list_installation_assignees): TypeError: Failed to fetch
    at window.fetch (https://billing.tridigitals.com/node_modules/@sveltejs/kit/src/runtime/client/fetcher.js?v=a1ff02f4:66:10)
    at safeInvoke (https://billing.tridigitals.com/src/lib/api/core.ts:655:26)
    at Object.assignees (https://billing.tridigitals.com/src/lib/api/workOrders.ts:7:20)
    at loadAll (https://billing.tridigitals.com/src/routes/(app)/admin/network/installations/+page.svelte:419:23)
    at https://billing.tridigitals.com/src/routes/(app)/admin/network/installations/+page.svelte:349:8
    at untrack (https://billing.tridigitals.com/node_modules/.vite/deps/chunk-EUQQR2VU.js?v=a1ff02f4:3830:12)
    at $effect (https://billing.tridigitals.com/node_modules/.vite/deps/chunk-JE4MGW45.js?v=a1ff02f4:4431:23)
    at update_reaction (https://billing.tridigitals.com/node_modules/.vite/deps/chunk-EUQQR2VU.js?v=a1ff02f4:3535:18)
    at update_effect (https://billing.tridigitals.com/node_modules/.vite/deps/chunk-EUQQR2VU.js?v=a1ff02f4:3673:21)
    at flush_queued_effects (https://billing.tridigitals.com/node_modules/.vite/deps/chunk-EUQQR2VU.js?v=a1ff02f4:2652:7) @ https://billing.tridigitals.com/src/lib/api/core.ts:726
[ 1311742ms] [ERROR] Access to fetch at 'https://api-isp-management.tridigitals.com/api/notifications/unread-count' from origin 'https://billing.tridigitals.com' has been blocked by CORS policy: Response to preflight request doesn't pass access control check: No 'Access-Control-Allow-Origin' header is present on the requested resource. @ https://billing.tridigitals.com/admin/network/installations:0
[ 1311742ms] [ERROR] Failed to load resource: net::ERR_FAILED @ https://api-isp-management.tridigitals.com/api/notifications/unread-count:0
[ 1311743ms] [ERROR] API Error (get_unread_count): TypeError: Failed to fetch
    at window.fetch (https://billing.tridigitals.com/node_modules/@sveltejs/kit/src/runtime/client/fetcher.js?v=a1ff02f4:66:10)
    at safeInvoke (https://billing.tridigitals.com/src/lib/api/core.ts:655:26)
    at Object.getUnreadCount (https://billing.tridigitals.com/src/lib/api/notifications.ts:4:25)
    at Object.refreshUnreadCount (https://billing.tridigitals.com/src/lib/stores/notifications.ts:60:27)
    at https://billing.tridigitals.com/src/lib/bootstrap/rootRealtimeController.ts:20:17
    at async Module.track_reactivity_loss (https://billing.tridigitals.com/node_modules/.vite/deps/chunk-EUQQR2VU.js?v=a1ff02f4:1642:15)
    at async syncRealtimeConnections (https://billing.tridigitals.com/src/routes/+layout.svelte:270:4) @ https://billing.tridigitals.com/src/lib/api/core.ts:726
[ 1311743ms] [ERROR] Failed to get unread count: TypeError: Failed to fetch
    at window.fetch (https://billing.tridigitals.com/node_modules/@sveltejs/kit/src/runtime/client/fetcher.js?v=a1ff02f4:66:10)
    at safeInvoke (https://billing.tridigitals.com/src/lib/api/core.ts:655:26)
    at Object.getUnreadCount (https://billing.tridigitals.com/src/lib/api/notifications.ts:4:25)
    at Object.refreshUnreadCount (https://billing.tridigitals.com/src/lib/stores/notifications.ts:60:27)
    at https://billing.tridigitals.com/src/lib/bootstrap/rootRealtimeController.ts:20:17
    at async Module.track_reactivity_loss (https://billing.tridigitals.com/node_modules/.vite/deps/chunk-EUQQR2VU.js?v=a1ff02f4:1642:15)
    at async syncRealtimeConnections (https://billing.tridigitals.com/src/routes/+layout.svelte:270:4) @ https://billing.tridigitals.com/src/lib/stores/notifications.ts:63
[ 1313884ms] [ERROR] WebSocket connection to 'wss://api-isp-management.tridigitals.com/api/ws' failed: Error during WebSocket handshake: Unexpected response code: 502 @ https://billing.tridigitals.com/src/lib/stores/websocket.ts:89
[ 1313885ms] [ERROR] [WS] Error: Event @ https://billing.tridigitals.com/src/lib/stores/websocket.ts:108
[ 1316384ms] [ERROR] WebSocket connection to 'wss://api-isp-management.tridigitals.com/api/ws' failed: Error during WebSocket handshake: Unexpected response code: 502 @ https://billing.tridigitals.com/src/lib/stores/websocket.ts:89
[ 1316385ms] [ERROR] [WS] Error: Event @ https://billing.tridigitals.com/src/lib/stores/websocket.ts:108
[ 1318883ms] [ERROR] WebSocket connection to 'wss://api-isp-management.tridigitals.com/api/ws' failed: Error during WebSocket handshake: Unexpected response code: 502 @ https://billing.tridigitals.com/src/lib/stores/websocket.ts:89
[ 1318884ms] [ERROR] [WS] Error: Event @ https://billing.tridigitals.com/src/lib/stores/websocket.ts:108
[ 1321385ms] [ERROR] WebSocket connection to 'wss://api-isp-management.tridigitals.com/api/ws' failed: Error during WebSocket handshake: Unexpected response code: 502 @ https://billing.tridigitals.com/src/lib/stores/websocket.ts:89
[ 1321385ms] [ERROR] [WS] Error: Event @ https://billing.tridigitals.com/src/lib/stores/websocket.ts:108
[ 1323884ms] [ERROR] WebSocket connection to 'wss://api-isp-management.tridigitals.com/api/ws' failed: Error during WebSocket handshake: Unexpected response code: 502 @ https://billing.tridigitals.com/src/lib/stores/websocket.ts:89
[ 1323884ms] [ERROR] [WS] Error: Event @ https://billing.tridigitals.com/src/lib/stores/websocket.ts:108
[ 1326383ms] [ERROR] WebSocket connection to 'wss://api-isp-management.tridigitals.com/api/ws' failed: Error during WebSocket handshake: Unexpected response code: 502 @ https://billing.tridigitals.com/src/lib/stores/websocket.ts:89
[ 1326383ms] [ERROR] [WS] Error: Event @ https://billing.tridigitals.com/src/lib/stores/websocket.ts:108
[ 1328885ms] [ERROR] WebSocket connection to 'wss://api-isp-management.tridigitals.com/api/ws' failed: Error during WebSocket handshake: Unexpected response code: 502 @ https://billing.tridigitals.com/src/lib/stores/websocket.ts:89
[ 1328885ms] [ERROR] [WS] Error: Event @ https://billing.tridigitals.com/src/lib/stores/websocket.ts:108
[ 1331385ms] [ERROR] WebSocket connection to 'wss://api-isp-management.tridigitals.com/api/ws' failed: Error during WebSocket handshake: Unexpected response code: 502 @ https://billing.tridigitals.com/src/lib/stores/websocket.ts:89
[ 1331386ms] [ERROR] [WS] Error: Event @ https://billing.tridigitals.com/src/lib/stores/websocket.ts:108
[ 1333883ms] [ERROR] WebSocket connection to 'wss://api-isp-management.tridigitals.com/api/ws' failed: Error during WebSocket handshake: Unexpected response code: 502 @ https://billing.tridigitals.com/src/lib/stores/websocket.ts:89
[ 1333883ms] [ERROR] [WS] Error: Event @ https://billing.tridigitals.com/src/lib/stores/websocket.ts:108
[ 1336383ms] [ERROR] WebSocket connection to 'wss://api-isp-management.tridigitals.com/api/ws' failed: Error during WebSocket handshake: Unexpected response code: 502 @ https://billing.tridigitals.com/src/lib/stores/websocket.ts:89
[ 1336384ms] [ERROR] [WS] Error: Event @ https://billing.tridigitals.com/src/lib/stores/websocket.ts:108
[ 1338885ms] [ERROR] WebSocket connection to 'wss://api-isp-management.tridigitals.com/api/ws' failed: Error during WebSocket handshake: Unexpected response code: 502 @ https://billing.tridigitals.com/src/lib/stores/websocket.ts:89
[ 1338886ms] [ERROR] [WS] Error: Event @ https://billing.tridigitals.com/src/lib/stores/websocket.ts:108
[ 1341386ms] [ERROR] WebSocket connection to 'wss://api-isp-management.tridigitals.com/api/ws' failed: Error during WebSocket handshake: Unexpected response code: 502 @ https://billing.tridigitals.com/src/lib/stores/websocket.ts:89
[ 1341387ms] [ERROR] [WS] Error: Event @ https://billing.tridigitals.com/src/lib/stores/websocket.ts:108
[ 1343885ms] [ERROR] WebSocket connection to 'wss://api-isp-management.tridigitals.com/api/ws' failed: Error during WebSocket handshake: Unexpected response code: 502 @ https://billing.tridigitals.com/src/lib/stores/websocket.ts:89
[ 1343885ms] [ERROR] [WS] Error: Event @ https://billing.tridigitals.com/src/lib/stores/websocket.ts:108
[ 1346385ms] [ERROR] WebSocket connection to 'wss://api-isp-management.tridigitals.com/api/ws' failed: Error during WebSocket handshake: Unexpected response code: 502 @ https://billing.tridigitals.com/src/lib/stores/websocket.ts:89
[ 1346385ms] [ERROR] [WS] Error: Event @ https://billing.tridigitals.com/src/lib/stores/websocket.ts:108
[ 1348887ms] [ERROR] WebSocket connection to 'wss://api-isp-management.tridigitals.com/api/ws' failed: Error during WebSocket handshake: Unexpected response code: 502 @ https://billing.tridigitals.com/src/lib/stores/websocket.ts:89
[ 1348887ms] [ERROR] [WS] Error: Event @ https://billing.tridigitals.com/src/lib/stores/websocket.ts:108
[ 1351387ms] [ERROR] WebSocket connection to 'wss://api-isp-management.tridigitals.com/api/ws' failed: Error during WebSocket handshake: Unexpected response code: 502 @ https://billing.tridigitals.com/src/lib/stores/websocket.ts:89
[ 1351387ms] [ERROR] [WS] Error: Event @ https://billing.tridigitals.com/src/lib/stores/websocket.ts:108
[ 1353887ms] [ERROR] WebSocket connection to 'wss://api-isp-management.tridigitals.com/api/ws' failed: Error during WebSocket handshake: Unexpected response code: 502 @ https://billing.tridigitals.com/src/lib/stores/websocket.ts:89
[ 1353887ms] [ERROR] [WS] Error: Event @ https://billing.tridigitals.com/src/lib/stores/websocket.ts:108
[ 1356385ms] [ERROR] WebSocket connection to 'wss://api-isp-management.tridigitals.com/api/ws' failed: Error during WebSocket handshake: Unexpected response code: 502 @ https://billing.tridigitals.com/src/lib/stores/websocket.ts:89
[ 1356385ms] [ERROR] [WS] Error: Event @ https://billing.tridigitals.com/src/lib/stores/websocket.ts:108
[ 1358885ms] [ERROR] WebSocket connection to 'wss://api-isp-management.tridigitals.com/api/ws' failed: Error during WebSocket handshake: Unexpected response code: 502 @ https://billing.tridigitals.com/src/lib/stores/websocket.ts:89
[ 1358885ms] [ERROR] [WS] Error: Event @ https://billing.tridigitals.com/src/lib/stores/websocket.ts:108
[ 1361388ms] [ERROR] WebSocket connection to 'wss://api-isp-management.tridigitals.com/api/ws' failed: Error during WebSocket handshake: Unexpected response code: 502 @ https://billing.tridigitals.com/src/lib/stores/websocket.ts:89
[ 1361388ms] [ERROR] [WS] Error: Event @ https://billing.tridigitals.com/src/lib/stores/websocket.ts:108
[ 1363893ms] [ERROR] WebSocket connection to 'wss://api-isp-management.tridigitals.com/api/ws' failed: Error during WebSocket handshake: Unexpected response code: 502 @ https://billing.tridigitals.com/src/lib/stores/websocket.ts:89
[ 1363893ms] [ERROR] [WS] Error: Event @ https://billing.tridigitals.com/src/lib/stores/websocket.ts:108
[ 1366387ms] [ERROR] WebSocket connection to 'wss://api-isp-management.tridigitals.com/api/ws' failed: Error during WebSocket handshake: Unexpected response code: 502 @ https://billing.tridigitals.com/src/lib/stores/websocket.ts:89
[ 1366387ms] [ERROR] [WS] Error: Event @ https://billing.tridigitals.com/src/lib/stores/websocket.ts:108
[ 1368887ms] [ERROR] WebSocket connection to 'wss://api-isp-management.tridigitals.com/api/ws' failed: Error during WebSocket handshake: Unexpected response code: 502 @ https://billing.tridigitals.com/src/lib/stores/websocket.ts:89
[ 1368887ms] [ERROR] [WS] Error: Event @ https://billing.tridigitals.com/src/lib/stores/websocket.ts:108
[ 1371318ms] [ERROR] Access to fetch at 'https://api-isp-management.tridigitals.com/api/auth/validate' from origin 'https://billing.tridigitals.com' has been blocked by CORS policy: Response to preflight request doesn't pass access control check: No 'Access-Control-Allow-Origin' header is present on the requested resource. @ https://billing.tridigitals.com/admin/network/installations:0
[ 1371318ms] [ERROR] Failed to load resource: net::ERR_FAILED @ https://api-isp-management.tridigitals.com/api/auth/validate:0
[ 1371319ms] [ERROR] API Error (validate_token): TypeError: Failed to fetch
    at window.fetch (https://billing.tridigitals.com/node_modules/@sveltejs/kit/src/runtime/client/fetcher.js?v=a1ff02f4:66:10)
    at safeInvoke (https://billing.tridigitals.com/src/lib/api/core.ts:655:26)
    at Object.validateToken (https://billing.tridigitals.com/src/lib/api/auth.ts:8:29)
    at run (https://billing.tridigitals.com/src/lib/stores/auth.ts:208:32)
    at async Module.track_reactivity_loss (https://billing.tridigitals.com/node_modules/.vite/deps/chunk-EUQQR2VU.js?v=a1ff02f4:1642:15)
    at async keepSessionAliveIfActive (https://billing.tridigitals.com/src/routes/+layout.svelte:135:5) @ https://billing.tridigitals.com/src/lib/api/core.ts:726
[ 1371391ms] [ERROR] WebSocket connection to 'wss://api-isp-management.tridigitals.com/api/ws' failed: Error during WebSocket handshake: Unexpected response code: 502 @ https://billing.tridigitals.com/src/lib/stores/websocket.ts:89
[ 1371392ms] [ERROR] [WS] Error: Event @ https://billing.tridigitals.com/src/lib/stores/websocket.ts:108
[ 1373889ms] [ERROR] WebSocket connection to 'wss://api-isp-management.tridigitals.com/api/ws' failed: Error during WebSocket handshake: Unexpected response code: 502 @ https://billing.tridigitals.com/src/lib/stores/websocket.ts:89
[ 1373889ms] [ERROR] [WS] Error: Event @ https://billing.tridigitals.com/src/lib/stores/websocket.ts:108
[ 1376392ms] [ERROR] WebSocket connection to 'wss://api-isp-management.tridigitals.com/api/ws' failed: Error during WebSocket handshake: Unexpected response code: 502 @ https://billing.tridigitals.com/src/lib/stores/websocket.ts:89
[ 1376392ms] [ERROR] [WS] Error: Event @ https://billing.tridigitals.com/src/lib/stores/websocket.ts:108
[ 1378890ms] [ERROR] WebSocket connection to 'wss://api-isp-management.tridigitals.com/api/ws' failed: Error during WebSocket handshake: Unexpected response code: 502 @ https://billing.tridigitals.com/src/lib/stores/websocket.ts:89
[ 1378890ms] [ERROR] [WS] Error: Event @ https://billing.tridigitals.com/src/lib/stores/websocket.ts:108
[ 1381388ms] [ERROR] WebSocket connection to 'wss://api-isp-management.tridigitals.com/api/ws' failed: Error during WebSocket handshake: Unexpected response code: 502 @ https://billing.tridigitals.com/src/lib/stores/websocket.ts:89
[ 1381388ms] [ERROR] [WS] Error: Event @ https://billing.tridigitals.com/src/lib/stores/websocket.ts:108
[ 1383891ms] [ERROR] WebSocket connection to 'wss://api-isp-management.tridigitals.com/api/ws' failed: Error during WebSocket handshake: Unexpected response code: 502 @ https://billing.tridigitals.com/src/lib/stores/websocket.ts:89
[ 1383891ms] [ERROR] [WS] Error: Event @ https://billing.tridigitals.com/src/lib/stores/websocket.ts:108
[ 1386393ms] [ERROR] WebSocket connection to 'wss://api-isp-management.tridigitals.com/api/ws' failed: Error during WebSocket handshake: Unexpected response code: 502 @ https://billing.tridigitals.com/src/lib/stores/websocket.ts:89
[ 1386393ms] [ERROR] [WS] Error: Event @ https://billing.tridigitals.com/src/lib/stores/websocket.ts:108
[ 1388901ms] [ERROR] WebSocket connection to 'wss://api-isp-management.tridigitals.com/api/ws' failed: Error during WebSocket handshake: Unexpected response code: 502 @ https://billing.tridigitals.com/src/lib/stores/websocket.ts:89
[ 1388901ms] [ERROR] [WS] Error: Event @ https://billing.tridigitals.com/src/lib/stores/websocket.ts:108
[ 1391395ms] [ERROR] WebSocket connection to 'wss://api-isp-management.tridigitals.com/api/ws' failed: Error during WebSocket handshake: Unexpected response code: 502 @ https://billing.tridigitals.com/src/lib/stores/websocket.ts:89
[ 1391395ms] [ERROR] [WS] Error: Event @ https://billing.tridigitals.com/src/lib/stores/websocket.ts:108
[ 1393888ms] [ERROR] WebSocket connection to 'wss://api-isp-management.tridigitals.com/api/ws' failed: Error during WebSocket handshake: Unexpected response code: 502 @ https://billing.tridigitals.com/src/lib/stores/websocket.ts:89
[ 1393888ms] [ERROR] [WS] Error: Event @ https://billing.tridigitals.com/src/lib/stores/websocket.ts:108
[ 1396398ms] [ERROR] WebSocket connection to 'wss://api-isp-management.tridigitals.com/api/ws' failed: Error during WebSocket handshake: Unexpected response code: 502 @ https://billing.tridigitals.com/src/lib/stores/websocket.ts:89
[ 1396398ms] [ERROR] [WS] Error: Event @ https://billing.tridigitals.com/src/lib/stores/websocket.ts:108
[ 1398896ms] [ERROR] WebSocket connection to 'wss://api-isp-management.tridigitals.com/api/ws' failed: Error during WebSocket handshake: Unexpected response code: 502 @ https://billing.tridigitals.com/src/lib/stores/websocket.ts:89
[ 1398897ms] [ERROR] [WS] Error: Event @ https://billing.tridigitals.com/src/lib/stores/websocket.ts:108
[ 1401415ms] [ERROR] WebSocket connection to 'wss://api-isp-management.tridigitals.com/api/ws' failed: Error during WebSocket handshake: Unexpected response code: 502 @ https://billing.tridigitals.com/src/lib/stores/websocket.ts:89
[ 1401415ms] [ERROR] [WS] Error: Event @ https://billing.tridigitals.com/src/lib/stores/websocket.ts:108
[ 1403892ms] [ERROR] WebSocket connection to 'wss://api-isp-management.tridigitals.com/api/ws' failed: Error during WebSocket handshake: Unexpected response code: 502 @ https://billing.tridigitals.com/src/lib/stores/websocket.ts:89
[ 1403893ms] [ERROR] [WS] Error: Event @ https://billing.tridigitals.com/src/lib/stores/websocket.ts:108
[ 1406392ms] [ERROR] WebSocket connection to 'wss://api-isp-management.tridigitals.com/api/ws' failed: Error during WebSocket handshake: Unexpected response code: 502 @ https://billing.tridigitals.com/src/lib/stores/websocket.ts:89
[ 1406392ms] [ERROR] [WS] Error: Event @ https://billing.tridigitals.com/src/lib/stores/websocket.ts:108
[ 1408897ms] [ERROR] WebSocket connection to 'wss://api-isp-management.tridigitals.com/api/ws' failed: Error during WebSocket handshake: Unexpected response code: 502 @ https://billing.tridigitals.com/src/lib/stores/websocket.ts:89
[ 1408897ms] [ERROR] [WS] Error: Event @ https://billing.tridigitals.com/src/lib/stores/websocket.ts:108
[ 1411417ms] [ERROR] WebSocket connection to 'wss://api-isp-management.tridigitals.com/api/ws' failed: Error during WebSocket handshake: Unexpected response code: 502 @ https://billing.tridigitals.com/src/lib/stores/websocket.ts:89
[ 1411418ms] [ERROR] [WS] Error: Event @ https://billing.tridigitals.com/src/lib/stores/websocket.ts:108
[ 1413913ms] [ERROR] WebSocket connection to 'wss://api-isp-management.tridigitals.com/api/ws' failed: Error during WebSocket handshake: Unexpected response code: 502 @ https://billing.tridigitals.com/src/lib/stores/websocket.ts:89
[ 1413914ms] [ERROR] [WS] Error: Event @ https://billing.tridigitals.com/src/lib/stores/websocket.ts:108
[ 1416431ms] [ERROR] WebSocket connection to 'wss://api-isp-management.tridigitals.com/api/ws' failed: Error during WebSocket handshake: Unexpected response code: 502 @ https://billing.tridigitals.com/src/lib/stores/websocket.ts:89
[ 1416432ms] [ERROR] [WS] Error: Event @ https://billing.tridigitals.com/src/lib/stores/websocket.ts:108
[ 1418944ms] [ERROR] WebSocket connection to 'wss://api-isp-management.tridigitals.com/api/ws' failed: Error during WebSocket handshake: Unexpected response code: 502 @ https://billing.tridigitals.com/src/lib/stores/websocket.ts:89
[ 1418945ms] [ERROR] [WS] Error: Event @ https://billing.tridigitals.com/src/lib/stores/websocket.ts:108
[ 1652966ms] [LOG] [vite] server connection lost. Polling for restart... @ https://billing.tridigitals.com/@vite/client:963
[ 1652983ms] [ERROR] WebSocket connection to 'wss://billing.tridigitals.com/' failed: Error in connection establishment: net::ERR_CONNECTION_REFUSED @ https://billing.tridigitals.com/@vite/client:1034
[ 1653879ms] [ERROR] WebSocket connection to 'wss://api-isp-management.tridigitals.com/api/ws' failed: Error in connection establishment: net::ERR_CONNECTION_REFUSED @ https://billing.tridigitals.com/src/lib/stores/websocket.ts:89
[ 1653879ms] [ERROR] [WS] Error: Event @ https://billing.tridigitals.com/src/lib/stores/websocket.ts:108
[ 1653987ms] [ERROR] WebSocket connection to 'wss://billing.tridigitals.com/' failed: Error in connection establishment: net::ERR_CONNECTION_REFUSED @ https://billing.tridigitals.com/@vite/client:1034
[ 2043887ms] [LOG] [vite] server connection lost. Polling for restart... @ https://billing.tridigitals.com/@vite/client:963
[ 2043918ms] [ERROR] WebSocket connection to 'wss://billing.tridigitals.com/' failed: Error in connection establishment: net::ERR_CONNECTION_REFUSED @ https://billing.tridigitals.com/@vite/client:1034
[ 2043983ms] [ERROR] WebSocket connection to 'wss://api-isp-management.tridigitals.com/api/ws' failed: Error in connection establishment: net::ERR_CONNECTION_REFUSED @ https://billing.tridigitals.com/src/lib/stores/websocket.ts:89
[ 2043984ms] [ERROR] [WS] Error: Event @ https://billing.tridigitals.com/src/lib/stores/websocket.ts:108
[ 2044921ms] [ERROR] WebSocket connection to 'wss://billing.tridigitals.com/' failed: Error in connection establishment: net::ERR_CONNECTION_REFUSED @ https://billing.tridigitals.com/@vite/client:1034
[ 2454271ms] [LOG] [vite] server connection lost. Polling for restart... @ https://billing.tridigitals.com/@vite/client:963
[ 2454301ms] [ERROR] WebSocket connection to 'wss://billing.tridigitals.com/' failed: Error in connection establishment: net::ERR_CONNECTION_REFUSED @ https://billing.tridigitals.com/@vite/client:1034
[ 2455147ms] [ERROR] WebSocket connection to 'wss://api-isp-management.tridigitals.com/api/ws' failed: Error in connection establishment: net::ERR_CONNECTION_REFUSED @ https://billing.tridigitals.com/src/lib/stores/websocket.ts:89
[ 2455148ms] [ERROR] [WS] Error: Event @ https://billing.tridigitals.com/src/lib/stores/websocket.ts:108
[ 2455305ms] [ERROR] WebSocket connection to 'wss://billing.tridigitals.com/' failed: Error in connection establishment: net::ERR_CONNECTION_REFUSED @ https://billing.tridigitals.com/@vite/client:1034
[ 2949839ms] [LOG] [vite] server connection lost. Polling for restart... @ https://billing.tridigitals.com/@vite/client:963
[ 2949858ms] [ERROR] WebSocket connection to 'wss://billing.tridigitals.com/' failed: Error in connection establishment: net::ERR_CONNECTION_REFUSED @ https://billing.tridigitals.com/@vite/client:1034
[ 2949988ms] [ERROR] WebSocket connection to 'wss://api-isp-management.tridigitals.com/api/ws' failed: Error in connection establishment: net::ERR_CONNECTION_REFUSED @ https://billing.tridigitals.com/src/lib/stores/websocket.ts?t=1778165634682:89
[ 2949988ms] [ERROR] [WS] Error: Event @ https://billing.tridigitals.com/src/lib/stores/websocket.ts?t=1778165634682:108
[ 2950863ms] [ERROR] WebSocket connection to 'wss://billing.tridigitals.com/' failed: Error in connection establishment: net::ERR_CONNECTION_REFUSED @ https://billing.tridigitals.com/@vite/client:1034
[ 3331691ms] [LOG] [vite] server connection lost. Polling for restart... @ https://billing.tridigitals.com/@vite/client:963
[ 3331719ms] [ERROR] WebSocket connection to 'wss://billing.tridigitals.com/' failed: Error in connection establishment: net::ERR_CONNECTION_REFUSED @ https://billing.tridigitals.com/@vite/client:1034
[ 3332724ms] [ERROR] WebSocket connection to 'wss://billing.tridigitals.com/' failed: Error in connection establishment: net::ERR_CONNECTION_REFUSED @ https://billing.tridigitals.com/@vite/client:1034
[ 3641321ms] [LOG] [vite] server connection lost. Polling for restart... @ https://billing.tridigitals.com/@vite/client:963
[ 3641349ms] [ERROR] WebSocket connection to 'wss://billing.tridigitals.com/' failed: Error in connection establishment: net::ERR_CONNECTION_REFUSED @ https://billing.tridigitals.com/@vite/client:1034
[ 3642353ms] [ERROR] WebSocket connection to 'wss://billing.tridigitals.com/' failed: Error in connection establishment: net::ERR_CONNECTION_REFUSED @ https://billing.tridigitals.com/@vite/client:1034
[ 3951470ms] [LOG] [vite] server connection lost. Polling for restart... @ https://billing.tridigitals.com/@vite/client:963
[ 3951521ms] [ERROR] WebSocket connection to 'wss://billing.tridigitals.com/' failed: Error in connection establishment: net::ERR_CONNECTION_REFUSED @ https://billing.tridigitals.com/@vite/client:1034
[ 3952507ms] [ERROR] WebSocket connection to 'wss://api-isp-management.tridigitals.com/api/ws' failed: Error in connection establishment: net::ERR_CONNECTION_REFUSED @ https://billing.tridigitals.com/src/lib/stores/websocket.ts?t=1778165634682:89
[ 3952507ms] [ERROR] [WS] Error: Event @ https://billing.tridigitals.com/src/lib/stores/websocket.ts?t=1778165634682:108
[ 4252698ms] [LOG] [vite] server connection lost. Polling for restart... @ https://billing.tridigitals.com/@vite/client:963
[ 4252748ms] [ERROR] WebSocket connection to 'wss://billing.tridigitals.com/' failed: Error in connection establishment: net::ERR_CONNECTION_REFUSED @ https://billing.tridigitals.com/@vite/client:1034
[ 4253680ms] [ERROR] Failed to load resource: net::ERR_CONNECTION_REFUSED @ https://api-isp-management.tridigitals.com/api/auth/validate:0
[ 4253681ms] [ERROR] API Error (validate_token): TypeError: Failed to fetch
    at window.fetch (https://billing.tridigitals.com/node_modules/@sveltejs/kit/src/runtime/client/fetcher.js?v=a1ff02f4:66:10)
    at safeInvoke (https://billing.tridigitals.com/src/lib/api/core.ts:655:26)
    at Object.validateToken (https://billing.tridigitals.com/src/lib/api/auth.ts:8:29)
    at run (https://billing.tridigitals.com/src/lib/stores/auth.ts:208:32)
    at async Module.track_reactivity_loss (https://billing.tridigitals.com/node_modules/.vite/deps/chunk-EUQQR2VU.js?v=a1ff02f4:1642:15)
    at async keepSessionAliveIfActive (https://billing.tridigitals.com/src/routes/+layout.svelte?t=1778165634682:135:5) @ https://billing.tridigitals.com/src/lib/api/core.ts:726
[ 4253733ms] [ERROR] WebSocket connection to 'wss://api-isp-management.tridigitals.com/api/ws' failed: Error in connection establishment: net::ERR_CONNECTION_REFUSED @ https://billing.tridigitals.com/src/lib/stores/websocket.ts?t=1778165634682:89
[ 4253734ms] [ERROR] [WS] Error: Event @ https://billing.tridigitals.com/src/lib/stores/websocket.ts?t=1778165634682:108
[ 4253755ms] [ERROR] WebSocket connection to 'wss://billing.tridigitals.com/' failed: Error in connection establishment: net::ERR_CONNECTION_REFUSED @ https://billing.tridigitals.com/@vite/client:1034
[ 4652818ms] [LOG] [vite] server connection lost. Polling for restart... @ https://billing.tridigitals.com/@vite/client:963
[ 4652836ms] [ERROR] WebSocket connection to 'wss://billing.tridigitals.com/' failed: Error in connection establishment: net::ERR_CONNECTION_REFUSED @ https://billing.tridigitals.com/@vite/client:1034
[ 4653561ms] [ERROR] WebSocket connection to 'wss://api-isp-management.tridigitals.com/api/ws' failed: Error in connection establishment: net::ERR_CONNECTION_REFUSED @ https://billing.tridigitals.com/src/lib/stores/websocket.ts?t=1778165634682:89
[ 4653562ms] [ERROR] [WS] Error: Event @ https://billing.tridigitals.com/src/lib/stores/websocket.ts?t=1778165634682:108
[ 4653841ms] [ERROR] WebSocket connection to 'wss://billing.tridigitals.com/' failed: Error in connection establishment: net::ERR_CONNECTION_REFUSED @ https://billing.tridigitals.com/@vite/client:1034
[ 4955060ms] [LOG] [vite] server connection lost. Polling for restart... @ https://billing.tridigitals.com/@vite/client:963
[ 4955089ms] [ERROR] WebSocket connection to 'wss://billing.tridigitals.com/' failed: Error in connection establishment: net::ERR_CONNECTION_REFUSED @ https://billing.tridigitals.com/@vite/client:1034
[ 4956093ms] [ERROR] WebSocket connection to 'wss://billing.tridigitals.com/' failed: Error in connection establishment: net::ERR_CONNECTION_REFUSED @ https://billing.tridigitals.com/@vite/client:1034
[ 5298762ms] [LOG] [vite] server connection lost. Polling for restart... @ https://billing.tridigitals.com/@vite/client:963
[ 5298781ms] [ERROR] WebSocket connection to 'wss://billing.tridigitals.com/' failed: Error in connection establishment: net::ERR_CONNECTION_REFUSED @ https://billing.tridigitals.com/@vite/client:1034
[ 5298875ms] [ERROR] WebSocket connection to 'wss://api-isp-management.tridigitals.com/api/ws' failed: Error in connection establishment: net::ERR_CONNECTION_REFUSED @ https://billing.tridigitals.com/src/lib/stores/websocket.ts?t=1778165634682:89
[ 5298876ms] [ERROR] [WS] Error: Event @ https://billing.tridigitals.com/src/lib/stores/websocket.ts?t=1778165634682:108
[ 5299785ms] [ERROR] WebSocket connection to 'wss://billing.tridigitals.com/' failed: Error in connection establishment: net::ERR_CONNECTION_REFUSED @ https://billing.tridigitals.com/@vite/client:1034
[ 5609228ms] [LOG] [vite] server connection lost. Polling for restart... @ https://billing.tridigitals.com/@vite/client:963
[ 5609279ms] [ERROR] WebSocket connection to 'wss://billing.tridigitals.com/' failed: Error in connection establishment: net::ERR_CONNECTION_REFUSED @ https://billing.tridigitals.com/@vite/client:1034
[ 5609556ms] [ERROR] WebSocket connection to 'wss://api-isp-management.tridigitals.com/api/ws' failed: Error in connection establishment: net::ERR_CONNECTION_REFUSED @ https://billing.tridigitals.com/src/lib/stores/websocket.ts?t=1778165634682:89
[ 5609557ms] [ERROR] [WS] Error: Event @ https://billing.tridigitals.com/src/lib/stores/websocket.ts?t=1778165634682:108
[ 5610283ms] [ERROR] WebSocket connection to 'wss://billing.tridigitals.com/' failed: Error in connection establishment: net::ERR_CONNECTION_REFUSED @ https://billing.tridigitals.com/@vite/client:1034
[ 5910669ms] [LOG] [vite] server connection lost. Polling for restart... @ https://billing.tridigitals.com/@vite/client:963
[ 5910716ms] [ERROR] WebSocket connection to 'wss://billing.tridigitals.com/' failed: Error in connection establishment: net::ERR_CONNECTION_REFUSED @ https://billing.tridigitals.com/@vite/client:1034
[ 5911720ms] [ERROR] WebSocket connection to 'wss://billing.tridigitals.com/' failed: Error in connection establishment: net::ERR_CONNECTION_REFUSED @ https://billing.tridigitals.com/@vite/client:1034
[ 6310436ms] [LOG] [vite] server connection lost. Polling for restart... @ https://billing.tridigitals.com/@vite/client:963
[ 6310474ms] [ERROR] WebSocket connection to 'wss://billing.tridigitals.com/' failed: Error in connection establishment: net::ERR_CONNECTION_REFUSED @ https://billing.tridigitals.com/@vite/client:1034
[ 6311478ms] [ERROR] WebSocket connection to 'wss://billing.tridigitals.com/' failed: Error in connection establishment: net::ERR_CONNECTION_REFUSED @ https://billing.tridigitals.com/@vite/client:1034
[ 6615554ms] [LOG] [vite] server connection lost. Polling for restart... @ https://billing.tridigitals.com/@vite/client:963
[ 6615599ms] [ERROR] WebSocket connection to 'wss://billing.tridigitals.com/' failed: Error in connection establishment: net::ERR_CONNECTION_REFUSED @ https://billing.tridigitals.com/@vite/client:1034
[ 6616604ms] [ERROR] WebSocket connection to 'wss://billing.tridigitals.com/' failed: Error in connection establishment: net::ERR_CONNECTION_REFUSED @ https://billing.tridigitals.com/@vite/client:1034
[ 6920542ms] [LOG] [vite] server connection lost. Polling for restart... @ https://billing.tridigitals.com/@vite/client:963
[ 6920582ms] [ERROR] WebSocket connection to 'wss://billing.tridigitals.com/' failed: Error in connection establishment: net::ERR_CONNECTION_REFUSED @ https://billing.tridigitals.com/@vite/client:1034
[ 6921495ms] [ERROR] WebSocket connection to 'wss://api-isp-management.tridigitals.com/api/ws' failed: Error in connection establishment: net::ERR_CONNECTION_REFUSED @ https://billing.tridigitals.com/src/lib/stores/websocket.ts?t=1778165634682:89
[ 6921495ms] [ERROR] [WS] Error: Event @ https://billing.tridigitals.com/src/lib/stores/websocket.ts?t=1778165634682:108
[ 6921586ms] [ERROR] WebSocket connection to 'wss://billing.tridigitals.com/' failed: Error in connection establishment: net::ERR_CONNECTION_REFUSED @ https://billing.tridigitals.com/@vite/client:1034
[ 7243665ms] [LOG] [vite] server connection lost. Polling for restart... @ https://billing.tridigitals.com/@vite/client:963
[ 7243718ms] [ERROR] WebSocket connection to 'wss://billing.tridigitals.com/' failed: Error in connection establishment: net::ERR_CONNECTION_REFUSED @ https://billing.tridigitals.com/@vite/client:1034
[ 7244038ms] [ERROR] WebSocket connection to 'wss://api-isp-management.tridigitals.com/api/ws' failed: Error in connection establishment: net::ERR_CONNECTION_REFUSED @ https://billing.tridigitals.com/src/lib/stores/websocket.ts?t=1778165634682:89
[ 7244039ms] [ERROR] [WS] Error: Event @ https://billing.tridigitals.com/src/lib/stores/websocket.ts?t=1778165634682:108
[ 7551111ms] [LOG] [vite] server connection lost. Polling for restart... @ https://billing.tridigitals.com/@vite/client:963
[ 7551161ms] [ERROR] WebSocket connection to 'wss://billing.tridigitals.com/' failed: Error in connection establishment: net::ERR_CONNECTION_REFUSED @ https://billing.tridigitals.com/@vite/client:1034
[ 7551445ms] [ERROR] WebSocket connection to 'wss://api-isp-management.tridigitals.com/api/ws' failed: Error in connection establishment: net::ERR_CONNECTION_REFUSED @ https://billing.tridigitals.com/src/lib/stores/websocket.ts?t=1778165634682:89
[ 7551445ms] [ERROR] [WS] Error: Event @ https://billing.tridigitals.com/src/lib/stores/websocket.ts?t=1778165634682:108
[ 7552166ms] [ERROR] WebSocket connection to 'wss://billing.tridigitals.com/' failed: Error in connection establishment: net::ERR_CONNECTION_REFUSED @ https://billing.tridigitals.com/@vite/client:1034
[ 7949558ms] [ERROR] WebSocket connection to 'wss://api-isp-management.tridigitals.com/api/ws' failed: Error during WebSocket handshake: Unexpected response code: 502 @ https://billing.tridigitals.com/src/lib/stores/websocket.ts?t=1778165634682:89
[ 7949559ms] [ERROR] [WS] Error: Event @ https://billing.tridigitals.com/src/lib/stores/websocket.ts?t=1778165634682:108
[ 7952058ms] [ERROR] WebSocket connection to 'wss://api-isp-management.tridigitals.com/api/ws' failed: Error during WebSocket handshake: Unexpected response code: 502 @ https://billing.tridigitals.com/src/lib/stores/websocket.ts?t=1778165634682:89
[ 7952058ms] [ERROR] [WS] Error: Event @ https://billing.tridigitals.com/src/lib/stores/websocket.ts?t=1778165634682:108
[ 7954559ms] [ERROR] WebSocket connection to 'wss://api-isp-management.tridigitals.com/api/ws' failed: Error during WebSocket handshake: Unexpected response code: 502 @ https://billing.tridigitals.com/src/lib/stores/websocket.ts?t=1778165634682:89
[ 7954560ms] [ERROR] [WS] Error: Event @ https://billing.tridigitals.com/src/lib/stores/websocket.ts?t=1778165634682:108
[ 7957059ms] [ERROR] WebSocket connection to 'wss://api-isp-management.tridigitals.com/api/ws' failed: Error during WebSocket handshake: Unexpected response code: 502 @ https://billing.tridigitals.com/src/lib/stores/websocket.ts?t=1778165634682:89
[ 7957059ms] [ERROR] [WS] Error: Event @ https://billing.tridigitals.com/src/lib/stores/websocket.ts?t=1778165634682:108
[ 7959559ms] [ERROR] WebSocket connection to 'wss://api-isp-management.tridigitals.com/api/ws' failed: Error during WebSocket handshake: Unexpected response code: 502 @ https://billing.tridigitals.com/src/lib/stores/websocket.ts?t=1778165634682:89
[ 7959560ms] [ERROR] [WS] Error: Event @ https://billing.tridigitals.com/src/lib/stores/websocket.ts?t=1778165634682:108
[ 7962066ms] [ERROR] WebSocket connection to 'wss://api-isp-management.tridigitals.com/api/ws' failed: Error during WebSocket handshake: Unexpected response code: 502 @ https://billing.tridigitals.com/src/lib/stores/websocket.ts?t=1778165634682:89
[ 7962066ms] [ERROR] [WS] Error: Event @ https://billing.tridigitals.com/src/lib/stores/websocket.ts?t=1778165634682:108
[ 7964559ms] [ERROR] WebSocket connection to 'wss://api-isp-management.tridigitals.com/api/ws' failed: Error during WebSocket handshake: Unexpected response code: 502 @ https://billing.tridigitals.com/src/lib/stores/websocket.ts?t=1778165634682:89
[ 7964559ms] [ERROR] [WS] Error: Event @ https://billing.tridigitals.com/src/lib/stores/websocket.ts?t=1778165634682:108
[ 7967058ms] [ERROR] WebSocket connection to 'wss://api-isp-management.tridigitals.com/api/ws' failed: Error during WebSocket handshake: Unexpected response code: 502 @ https://billing.tridigitals.com/src/lib/stores/websocket.ts?t=1778165634682:89
[ 7967058ms] [ERROR] [WS] Error: Event @ https://billing.tridigitals.com/src/lib/stores/websocket.ts?t=1778165634682:108
[ 7969561ms] [ERROR] WebSocket connection to 'wss://api-isp-management.tridigitals.com/api/ws' failed: Error during WebSocket handshake: Unexpected response code: 502 @ https://billing.tridigitals.com/src/lib/stores/websocket.ts?t=1778165634682:89
[ 7969561ms] [ERROR] [WS] Error: Event @ https://billing.tridigitals.com/src/lib/stores/websocket.ts?t=1778165634682:108
[ 7972062ms] [ERROR] WebSocket connection to 'wss://api-isp-management.tridigitals.com/api/ws' failed: Error during WebSocket handshake: Unexpected response code: 502 @ https://billing.tridigitals.com/src/lib/stores/websocket.ts?t=1778165634682:89
[ 7972063ms] [ERROR] [WS] Error: Event @ https://billing.tridigitals.com/src/lib/stores/websocket.ts?t=1778165634682:108
[ 7974488ms] [ERROR] Access to fetch at 'https://api-isp-management.tridigitals.com/api/auth/validate' from origin 'https://billing.tridigitals.com' has been blocked by CORS policy: Response to preflight request doesn't pass access control check: No 'Access-Control-Allow-Origin' header is present on the requested resource. @ https://billing.tridigitals.com/admin/network/installations:0
[ 7974489ms] [ERROR] Failed to load resource: net::ERR_FAILED @ https://api-isp-management.tridigitals.com/api/auth/validate:0
[ 7974489ms] [ERROR] API Error (validate_token): TypeError: Failed to fetch
    at window.fetch (https://billing.tridigitals.com/node_modules/@sveltejs/kit/src/runtime/client/fetcher.js?v=a1ff02f4:66:10)
    at safeInvoke (https://billing.tridigitals.com/src/lib/api/core.ts:655:26)
    at Object.validateToken (https://billing.tridigitals.com/src/lib/api/auth.ts:8:29)
    at run (https://billing.tridigitals.com/src/lib/stores/auth.ts:208:32)
    at async Module.track_reactivity_loss (https://billing.tridigitals.com/node_modules/.vite/deps/chunk-EUQQR2VU.js?v=a1ff02f4:1642:15)
    at async keepSessionAliveIfActive (https://billing.tridigitals.com/src/routes/+layout.svelte?t=1778165634682:135:5) @ https://billing.tridigitals.com/src/lib/api/core.ts:726
[ 7974563ms] [ERROR] WebSocket connection to 'wss://api-isp-management.tridigitals.com/api/ws' failed: Error during WebSocket handshake: Unexpected response code: 502 @ https://billing.tridigitals.com/src/lib/stores/websocket.ts?t=1778165634682:89
[ 7974563ms] [ERROR] [WS] Error: Event @ https://billing.tridigitals.com/src/lib/stores/websocket.ts?t=1778165634682:108
[ 7977062ms] [ERROR] WebSocket connection to 'wss://api-isp-management.tridigitals.com/api/ws' failed: Error during WebSocket handshake: Unexpected response code: 502 @ https://billing.tridigitals.com/src/lib/stores/websocket.ts?t=1778165634682:89
[ 7977062ms] [ERROR] [WS] Error: Event @ https://billing.tridigitals.com/src/lib/stores/websocket.ts?t=1778165634682:108
[ 7979563ms] [ERROR] WebSocket connection to 'wss://api-isp-management.tridigitals.com/api/ws' failed: Error during WebSocket handshake: Unexpected response code: 502 @ https://billing.tridigitals.com/src/lib/stores/websocket.ts?t=1778165634682:89
[ 7979563ms] [ERROR] [WS] Error: Event @ https://billing.tridigitals.com/src/lib/stores/websocket.ts?t=1778165634682:108
[ 7982062ms] [ERROR] WebSocket connection to 'wss://api-isp-management.tridigitals.com/api/ws' failed: Error during WebSocket handshake: Unexpected response code: 502 @ https://billing.tridigitals.com/src/lib/stores/websocket.ts?t=1778165634682:89
[ 7982062ms] [ERROR] [WS] Error: Event @ https://billing.tridigitals.com/src/lib/stores/websocket.ts?t=1778165634682:108
[ 7984571ms] [ERROR] WebSocket connection to 'wss://api-isp-management.tridigitals.com/api/ws' failed: Error during WebSocket handshake: Unexpected response code: 502 @ https://billing.tridigitals.com/src/lib/stores/websocket.ts?t=1778165634682:89
[ 7984571ms] [ERROR] [WS] Error: Event @ https://billing.tridigitals.com/src/lib/stores/websocket.ts?t=1778165634682:108
[ 7987071ms] [ERROR] WebSocket connection to 'wss://api-isp-management.tridigitals.com/api/ws' failed: Error during WebSocket handshake: Unexpected response code: 502 @ https://billing.tridigitals.com/src/lib/stores/websocket.ts?t=1778165634682:89
[ 7987072ms] [ERROR] [WS] Error: Event @ https://billing.tridigitals.com/src/lib/stores/websocket.ts?t=1778165634682:108
[ 7989574ms] [ERROR] WebSocket connection to 'wss://api-isp-management.tridigitals.com/api/ws' failed: Error during WebSocket handshake: Unexpected response code: 502 @ https://billing.tridigitals.com/src/lib/stores/websocket.ts?t=1778165634682:89
[ 7989574ms] [ERROR] [WS] Error: Event @ https://billing.tridigitals.com/src/lib/stores/websocket.ts?t=1778165634682:108
[ 7992086ms] [ERROR] WebSocket connection to 'wss://api-isp-management.tridigitals.com/api/ws' failed: Error during WebSocket handshake: Unexpected response code: 502 @ https://billing.tridigitals.com/src/lib/stores/websocket.ts?t=1778165634682:89
[ 7992087ms] [ERROR] [WS] Error: Event @ https://billing.tridigitals.com/src/lib/stores/websocket.ts?t=1778165634682:108
[ 7994609ms] [ERROR] WebSocket connection to 'wss://api-isp-management.tridigitals.com/api/ws' failed: Error during WebSocket handshake: Unexpected response code: 502 @ https://billing.tridigitals.com/src/lib/stores/websocket.ts?t=1778165634682:89
[ 7994609ms] [ERROR] [WS] Error: Event @ https://billing.tridigitals.com/src/lib/stores/websocket.ts?t=1778165634682:108
[ 7997091ms] [ERROR] WebSocket connection to 'wss://api-isp-management.tridigitals.com/api/ws' failed: Error during WebSocket handshake: Unexpected response code: 502 @ https://billing.tridigitals.com/src/lib/stores/websocket.ts?t=1778165634682:89
[ 7997091ms] [ERROR] [WS] Error: Event @ https://billing.tridigitals.com/src/lib/stores/websocket.ts?t=1778165634682:108
[ 7999690ms] [ERROR] WebSocket connection to 'wss://api-isp-management.tridigitals.com/api/ws' failed: Error during WebSocket handshake: Unexpected response code: 502 @ https://billing.tridigitals.com/src/lib/stores/websocket.ts?t=1778165634682:89
[ 7999690ms] [ERROR] [WS] Error: Event @ https://billing.tridigitals.com/src/lib/stores/websocket.ts?t=1778165634682:108
[ 8002117ms] [ERROR] WebSocket connection to 'wss://api-isp-management.tridigitals.com/api/ws' failed: Error during WebSocket handshake: Unexpected response code: 502 @ https://billing.tridigitals.com/src/lib/stores/websocket.ts?t=1778165634682:89
[ 8002118ms] [ERROR] [WS] Error: Event @ https://billing.tridigitals.com/src/lib/stores/websocket.ts?t=1778165634682:108
[ 8004663ms] [ERROR] WebSocket connection to 'wss://api-isp-management.tridigitals.com/api/ws' failed: Error during WebSocket handshake: Unexpected response code: 502 @ https://billing.tridigitals.com/src/lib/stores/websocket.ts?t=1778165634682:89
[ 8004663ms] [ERROR] [WS] Error: Event @ https://billing.tridigitals.com/src/lib/stores/websocket.ts?t=1778165634682:108
[ 8007123ms] [ERROR] WebSocket connection to 'wss://api-isp-management.tridigitals.com/api/ws' failed: Error during WebSocket handshake: Unexpected response code: 502 @ https://billing.tridigitals.com/src/lib/stores/websocket.ts?t=1778165634682:89
[ 8007124ms] [ERROR] [WS] Error: Event @ https://billing.tridigitals.com/src/lib/stores/websocket.ts?t=1778165634682:108
[ 8009778ms] [ERROR] WebSocket connection to 'wss://api-isp-management.tridigitals.com/api/ws' failed: Error during WebSocket handshake: Unexpected response code: 502 @ https://billing.tridigitals.com/src/lib/stores/websocket.ts?t=1778165634682:89
[ 8009778ms] [ERROR] [WS] Error: Event @ https://billing.tridigitals.com/src/lib/stores/websocket.ts?t=1778165634682:108
[ 8012292ms] [ERROR] WebSocket connection to 'wss://api-isp-management.tridigitals.com/api/ws' failed: Error during WebSocket handshake: Unexpected response code: 502 @ https://billing.tridigitals.com/src/lib/stores/websocket.ts?t=1778165634682:89
[ 8012292ms] [ERROR] [WS] Error: Event @ https://billing.tridigitals.com/src/lib/stores/websocket.ts?t=1778165634682:108
[ 8015438ms] [ERROR] WebSocket connection to 'wss://api-isp-management.tridigitals.com/api/ws' failed: Error during WebSocket handshake: Unexpected response code: 502 @ https://billing.tridigitals.com/src/lib/stores/websocket.ts?t=1778165634682:89
[ 8015438ms] [ERROR] [WS] Error: Event @ https://billing.tridigitals.com/src/lib/stores/websocket.ts?t=1778165634682:108
[ 8017925ms] [ERROR] WebSocket connection to 'wss://api-isp-management.tridigitals.com/api/ws' failed: Error during WebSocket handshake: Unexpected response code: 502 @ https://billing.tridigitals.com/src/lib/stores/websocket.ts?t=1778165634682:89
[ 8017925ms] [ERROR] [WS] Error: Event @ https://billing.tridigitals.com/src/lib/stores/websocket.ts?t=1778165634682:108
[ 8021794ms] [ERROR] WebSocket connection to 'wss://api-isp-management.tridigitals.com/api/ws' failed: Error during WebSocket handshake: Unexpected response code: 502 @ https://billing.tridigitals.com/src/lib/stores/websocket.ts?t=1778165634682:89
[ 8021794ms] [ERROR] [WS] Error: Event @ https://billing.tridigitals.com/src/lib/stores/websocket.ts?t=1778165634682:108
[ 8022674ms] [ERROR] WebSocket connection to 'wss://api-isp-management.tridigitals.com/api/ws' failed: Error during WebSocket handshake: Unexpected response code: 502 @ https://billing.tridigitals.com/src/lib/stores/websocket.ts?t=1778165634682:89
[ 8022674ms] [ERROR] [WS] Error: Event @ https://billing.tridigitals.com/src/lib/stores/websocket.ts?t=1778165634682:108
[ 8028529ms] [ERROR] WebSocket connection to 'wss://api-isp-management.tridigitals.com/api/ws' failed: Error during WebSocket handshake: Unexpected response code: 502 @ https://billing.tridigitals.com/src/lib/stores/websocket.ts?t=1778165634682:89
[ 8028529ms] [ERROR] [WS] Error: Event @ https://billing.tridigitals.com/src/lib/stores/websocket.ts?t=1778165634682:108
[ 8033811ms] [ERROR] WebSocket connection to 'wss://api-isp-management.tridigitals.com/api/ws' failed: Error during WebSocket handshake: Unexpected response code: 502 @ https://billing.tridigitals.com/src/lib/stores/websocket.ts?t=1778165634682:89
[ 8033811ms] [ERROR] [WS] Error: Event @ https://billing.tridigitals.com/src/lib/stores/websocket.ts?t=1778165634682:108
[ 8034487ms] [ERROR] Access to fetch at 'https://api-isp-management.tridigitals.com/api/auth/validate' from origin 'https://billing.tridigitals.com' has been blocked by CORS policy: Response to preflight request doesn't pass access control check: No 'Access-Control-Allow-Origin' header is present on the requested resource. @ https://billing.tridigitals.com/admin/network/installations:0
[ 8034487ms] [ERROR] Failed to load resource: net::ERR_FAILED @ https://api-isp-management.tridigitals.com/api/auth/validate:0
[ 8034487ms] [ERROR] API Error (validate_token): TypeError: Failed to fetch
    at window.fetch (https://billing.tridigitals.com/node_modules/@sveltejs/kit/src/runtime/client/fetcher.js?v=a1ff02f4:66:10)
    at safeInvoke (https://billing.tridigitals.com/src/lib/api/core.ts:655:26)
    at Object.validateToken (https://billing.tridigitals.com/src/lib/api/auth.ts:8:29)
    at run (https://billing.tridigitals.com/src/lib/stores/auth.ts:208:32)
    at async Module.track_reactivity_loss (https://billing.tridigitals.com/node_modules/.vite/deps/chunk-EUQQR2VU.js?v=a1ff02f4:1642:15)
    at async keepSessionAliveIfActive (https://billing.tridigitals.com/src/routes/+layout.svelte?t=1778165634682:135:5) @ https://billing.tridigitals.com/src/lib/api/core.ts:726
[ 8038929ms] [ERROR] WebSocket connection to 'wss://api-isp-management.tridigitals.com/api/ws' failed: Error during WebSocket handshake: Unexpected response code: 502 @ https://billing.tridigitals.com/src/lib/stores/websocket.ts?t=1778165634682:89
[ 8038929ms] [ERROR] [WS] Error: Event @ https://billing.tridigitals.com/src/lib/stores/websocket.ts?t=1778165634682:108
[ 8041410ms] [ERROR] WebSocket connection to 'wss://api-isp-management.tridigitals.com/api/ws' failed: Error during WebSocket handshake: Unexpected response code: 502 @ https://billing.tridigitals.com/src/lib/stores/websocket.ts?t=1778165634682:89
[ 8041411ms] [ERROR] [WS] Error: Event @ https://billing.tridigitals.com/src/lib/stores/websocket.ts?t=1778165634682:108
[ 8044667ms] [ERROR] WebSocket connection to 'wss://api-isp-management.tridigitals.com/api/ws' failed: Error during WebSocket handshake: Unexpected response code: 502 @ https://billing.tridigitals.com/src/lib/stores/websocket.ts?t=1778165634682:89
[ 8044667ms] [ERROR] [WS] Error: Event @ https://billing.tridigitals.com/src/lib/stores/websocket.ts?t=1778165634682:108
[ 8050394ms] [ERROR] WebSocket connection to 'wss://api-isp-management.tridigitals.com/api/ws' failed: Error during WebSocket handshake: Unexpected response code: 502 @ https://billing.tridigitals.com/src/lib/stores/websocket.ts?t=1778165634682:89
[ 8050394ms] [ERROR] [WS] Error: Event @ https://billing.tridigitals.com/src/lib/stores/websocket.ts?t=1778165634682:108
[ 8055509ms] [ERROR] WebSocket connection to 'wss://api-isp-management.tridigitals.com/api/ws' failed: Error during WebSocket handshake: Unexpected response code: 502 @ https://billing.tridigitals.com/src/lib/stores/websocket.ts?t=1778165634682:89
[ 8055509ms] [ERROR] [WS] Error: Event @ https://billing.tridigitals.com/src/lib/stores/websocket.ts?t=1778165634682:108
[ 8060300ms] [ERROR] WebSocket connection to 'wss://api-isp-management.tridigitals.com/api/ws' failed: Error during WebSocket handshake: Unexpected response code: 502 @ https://billing.tridigitals.com/src/lib/stores/websocket.ts?t=1778165634682:89
[ 8060300ms] [ERROR] [WS] Error: Event @ https://billing.tridigitals.com/src/lib/stores/websocket.ts?t=1778165634682:108
[ 8066339ms] [ERROR] WebSocket connection to 'wss://api-isp-management.tridigitals.com/api/ws' failed: Error during WebSocket handshake: Unexpected response code: 502 @ https://billing.tridigitals.com/src/lib/stores/websocket.ts?t=1778165634682:89
[ 8066339ms] [ERROR] [WS] Error: Event @ https://billing.tridigitals.com/src/lib/stores/websocket.ts?t=1778165634682:108
[ 8068812ms] [ERROR] WebSocket connection to 'wss://api-isp-management.tridigitals.com/api/ws' failed: Error during WebSocket handshake: Unexpected response code: 502 @ https://billing.tridigitals.com/src/lib/stores/websocket.ts?t=1778165634682:89
[ 8068812ms] [ERROR] [WS] Error: Event @ https://billing.tridigitals.com/src/lib/stores/websocket.ts?t=1778165634682:108
[ 8072626ms] [ERROR] WebSocket connection to 'wss://api-isp-management.tridigitals.com/api/ws' failed: Error during WebSocket handshake: Unexpected response code: 502 @ https://billing.tridigitals.com/src/lib/stores/websocket.ts?t=1778165634682:89
[ 8072626ms] [ERROR] [WS] Error: Event @ https://billing.tridigitals.com/src/lib/stores/websocket.ts?t=1778165634682:108
[ 8079241ms] [ERROR] WebSocket connection to 'wss://api-isp-management.tridigitals.com/api/ws' failed: Error during WebSocket handshake: Unexpected response code: 502 @ https://billing.tridigitals.com/src/lib/stores/websocket.ts?t=1778165634682:89
[ 8079242ms] [ERROR] [WS] Error: Event @ https://billing.tridigitals.com/src/lib/stores/websocket.ts?t=1778165634682:108
[ 8081257ms] [ERROR] WebSocket connection to 'wss://api-isp-management.tridigitals.com/api/ws' failed: Error during WebSocket handshake: Unexpected response code: 502 @ https://billing.tridigitals.com/src/lib/stores/websocket.ts?t=1778165634682:89
[ 8081257ms] [ERROR] [WS] Error: Event @ https://billing.tridigitals.com/src/lib/stores/websocket.ts?t=1778165634682:108
[ 8085887ms] [ERROR] WebSocket connection to 'wss://api-isp-management.tridigitals.com/api/ws' failed: Error during WebSocket handshake: Unexpected response code: 502 @ https://billing.tridigitals.com/src/lib/stores/websocket.ts?t=1778165634682:89
[ 8085887ms] [ERROR] [WS] Error: Event @ https://billing.tridigitals.com/src/lib/stores/websocket.ts?t=1778165634682:108
[ 8090318ms] [ERROR] WebSocket connection to 'wss://api-isp-management.tridigitals.com/api/ws' failed: Error during WebSocket handshake: Unexpected response code: 502 @ https://billing.tridigitals.com/src/lib/stores/websocket.ts?t=1778165634682:89
[ 8090318ms] [ERROR] [WS] Error: Event @ https://billing.tridigitals.com/src/lib/stores/websocket.ts?t=1778165634682:108
[ 8094487ms] [ERROR] Access to fetch at 'https://api-isp-management.tridigitals.com/api/auth/validate' from origin 'https://billing.tridigitals.com' has been blocked by CORS policy: Response to preflight request doesn't pass access control check: No 'Access-Control-Allow-Origin' header is present on the requested resource. @ https://billing.tridigitals.com/admin/network/installations:0
[ 8094487ms] [ERROR] Failed to load resource: net::ERR_FAILED @ https://api-isp-management.tridigitals.com/api/auth/validate:0
[ 8094488ms] [ERROR] API Error (validate_token): TypeError: Failed to fetch
    at window.fetch (https://billing.tridigitals.com/node_modules/@sveltejs/kit/src/runtime/client/fetcher.js?v=a1ff02f4:66:10)
    at safeInvoke (https://billing.tridigitals.com/src/lib/api/core.ts:655:26)
    at Object.validateToken (https://billing.tridigitals.com/src/lib/api/auth.ts:8:29)
    at run (https://billing.tridigitals.com/src/lib/stores/auth.ts:208:32)
    at async Module.track_reactivity_loss (https://billing.tridigitals.com/node_modules/.vite/deps/chunk-EUQQR2VU.js?v=a1ff02f4:1642:15)
    at async keepSessionAliveIfActive (https://billing.tridigitals.com/src/routes/+layout.svelte?t=1778165634682:135:5) @ https://billing.tridigitals.com/src/lib/api/core.ts:726
[ 8095865ms] [ERROR] WebSocket connection to 'wss://api-isp-management.tridigitals.com/api/ws' failed: Error during WebSocket handshake: Unexpected response code: 502 @ https://billing.tridigitals.com/src/lib/stores/websocket.ts?t=1778165634682:89
[ 8095865ms] [ERROR] [WS] Error: Event @ https://billing.tridigitals.com/src/lib/stores/websocket.ts?t=1778165634682:108
[ 8101177ms] [ERROR] WebSocket connection to 'wss://api-isp-management.tridigitals.com/api/ws' failed: Error during WebSocket handshake: Unexpected response code: 502 @ https://billing.tridigitals.com/src/lib/stores/websocket.ts?t=1778165634682:89
[ 8101177ms] [ERROR] [WS] Error: Event @ https://billing.tridigitals.com/src/lib/stores/websocket.ts?t=1778165634682:108
[ 8104355ms] [ERROR] WebSocket connection to 'wss://api-isp-management.tridigitals.com/api/ws' failed: Error during WebSocket handshake: Unexpected response code: 502 @ https://billing.tridigitals.com/src/lib/stores/websocket.ts?t=1778165634682:89
[ 8104355ms] [ERROR] [WS] Error: Event @ https://billing.tridigitals.com/src/lib/stores/websocket.ts?t=1778165634682:108
[ 8107059ms] [ERROR] WebSocket connection to 'wss://api-isp-management.tridigitals.com/api/ws' failed: Error during WebSocket handshake: Unexpected response code: 502 @ https://billing.tridigitals.com/src/lib/stores/websocket.ts?t=1778165634682:89
[ 8107060ms] [ERROR] [WS] Error: Event @ https://billing.tridigitals.com/src/lib/stores/websocket.ts?t=1778165634682:108
[ 8114225ms] [ERROR] WebSocket connection to 'wss://api-isp-management.tridigitals.com/api/ws' failed: Error during WebSocket handshake: Unexpected response code: 502 @ https://billing.tridigitals.com/src/lib/stores/websocket.ts?t=1778165634682:89
[ 8114225ms] [ERROR] [WS] Error: Event @ https://billing.tridigitals.com/src/lib/stores/websocket.ts?t=1778165634682:108
[ 8116562ms] [ERROR] WebSocket connection to 'wss://api-isp-management.tridigitals.com/api/ws' failed: Error during WebSocket handshake: Unexpected response code: 502 @ https://billing.tridigitals.com/src/lib/stores/websocket.ts?t=1778165634682:89
[ 8116563ms] [ERROR] [WS] Error: Event @ https://billing.tridigitals.com/src/lib/stores/websocket.ts?t=1778165634682:108
[ 8119520ms] [ERROR] WebSocket connection to 'wss://api-isp-management.tridigitals.com/api/ws' failed: Error during WebSocket handshake: Unexpected response code: 502 @ https://billing.tridigitals.com/src/lib/stores/websocket.ts?t=1778165634682:89
[ 8119520ms] [ERROR] [WS] Error: Event @ https://billing.tridigitals.com/src/lib/stores/websocket.ts?t=1778165634682:108
[ 8120837ms] [ERROR] WebSocket connection to 'wss://api-isp-management.tridigitals.com/api/ws' failed: Error during WebSocket handshake: Unexpected response code: 502 @ https://billing.tridigitals.com/src/lib/stores/websocket.ts?t=1778165634682:89
[ 8120837ms] [ERROR] [WS] Error: Event @ https://billing.tridigitals.com/src/lib/stores/websocket.ts?t=1778165634682:108
[ 8123231ms] [ERROR] WebSocket connection to 'wss://api-isp-management.tridigitals.com/api/ws' failed: Error during WebSocket handshake: Unexpected response code: 502 @ https://billing.tridigitals.com/src/lib/stores/websocket.ts?t=1778165634682:89
[ 8123232ms] [ERROR] [WS] Error: Event @ https://billing.tridigitals.com/src/lib/stores/websocket.ts?t=1778165634682:108
[ 8128308ms] [ERROR] WebSocket connection to 'wss://api-isp-management.tridigitals.com/api/ws' failed: Error during WebSocket handshake: Unexpected response code: 502 @ https://billing.tridigitals.com/src/lib/stores/websocket.ts?t=1778165634682:89
[ 8128308ms] [ERROR] [WS] Error: Event @ https://billing.tridigitals.com/src/lib/stores/websocket.ts?t=1778165634682:108
[ 8131597ms] [ERROR] WebSocket connection to 'wss://api-isp-management.tridigitals.com/api/ws' failed: Error during WebSocket handshake: Unexpected response code: 502 @ https://billing.tridigitals.com/src/lib/stores/websocket.ts?t=1778165634682:89
[ 8131597ms] [ERROR] [WS] Error: Event @ https://billing.tridigitals.com/src/lib/stores/websocket.ts?t=1778165634682:108
[ 8133084ms] [ERROR] WebSocket connection to 'wss://api-isp-management.tridigitals.com/api/ws' failed: Error during WebSocket handshake: Unexpected response code: 502 @ https://billing.tridigitals.com/src/lib/stores/websocket.ts?t=1778165634682:89
[ 8133084ms] [ERROR] [WS] Error: Event @ https://billing.tridigitals.com/src/lib/stores/websocket.ts?t=1778165634682:108
[ 8139564ms] [ERROR] WebSocket connection to 'wss://api-isp-management.tridigitals.com/api/ws' failed: Error during WebSocket handshake: Unexpected response code: 502 @ https://billing.tridigitals.com/src/lib/stores/websocket.ts?t=1778165634682:89
[ 8139564ms] [ERROR] [WS] Error: Event @ https://billing.tridigitals.com/src/lib/stores/websocket.ts?t=1778165634682:108
[ 8143366ms] [ERROR] WebSocket connection to 'wss://api-isp-management.tridigitals.com/api/ws' failed: Error during WebSocket handshake: Unexpected response code: 502 @ https://billing.tridigitals.com/src/lib/stores/websocket.ts?t=1778165634682:89
[ 8143367ms] [ERROR] [WS] Error: Event @ https://billing.tridigitals.com/src/lib/stores/websocket.ts?t=1778165634682:108
[ 8639560ms] [ERROR] WebSocket connection to 'wss://api-isp-management.tridigitals.com/api/ws' failed: Error during WebSocket handshake: Unexpected response code: 502 @ https://billing.tridigitals.com/src/lib/stores/websocket.ts?t=1778165634682:89
[ 8639560ms] [ERROR] [WS] Error: Event @ https://billing.tridigitals.com/src/lib/stores/websocket.ts?t=1778165634682:108
[ 8642059ms] [ERROR] WebSocket connection to 'wss://api-isp-management.tridigitals.com/api/ws' failed: Error during WebSocket handshake: Unexpected response code: 502 @ https://billing.tridigitals.com/src/lib/stores/websocket.ts?t=1778165634682:89
[ 8642060ms] [ERROR] [WS] Error: Event @ https://billing.tridigitals.com/src/lib/stores/websocket.ts?t=1778165634682:108
[ 8644557ms] [ERROR] WebSocket connection to 'wss://api-isp-management.tridigitals.com/api/ws' failed: Error during WebSocket handshake: Unexpected response code: 502 @ https://billing.tridigitals.com/src/lib/stores/websocket.ts?t=1778165634682:89
[ 8644558ms] [ERROR] [WS] Error: Event @ https://billing.tridigitals.com/src/lib/stores/websocket.ts?t=1778165634682:108
[ 8647060ms] [ERROR] WebSocket connection to 'wss://api-isp-management.tridigitals.com/api/ws' failed: Error during WebSocket handshake: Unexpected response code: 502 @ https://billing.tridigitals.com/src/lib/stores/websocket.ts?t=1778165634682:89
[ 8647061ms] [ERROR] [WS] Error: Event @ https://billing.tridigitals.com/src/lib/stores/websocket.ts?t=1778165634682:108
[ 8649561ms] [ERROR] WebSocket connection to 'wss://api-isp-management.tridigitals.com/api/ws' failed: Error during WebSocket handshake: Unexpected response code: 502 @ https://billing.tridigitals.com/src/lib/stores/websocket.ts?t=1778165634682:89
[ 8649561ms] [ERROR] [WS] Error: Event @ https://billing.tridigitals.com/src/lib/stores/websocket.ts?t=1778165634682:108
[ 8652063ms] [ERROR] WebSocket connection to 'wss://api-isp-management.tridigitals.com/api/ws' failed: Error during WebSocket handshake: Unexpected response code: 502 @ https://billing.tridigitals.com/src/lib/stores/websocket.ts?t=1778165634682:89
[ 8652063ms] [ERROR] [WS] Error: Event @ https://billing.tridigitals.com/src/lib/stores/websocket.ts?t=1778165634682:108
[ 8654564ms] [ERROR] WebSocket connection to 'wss://api-isp-management.tridigitals.com/api/ws' failed: Error during WebSocket handshake: Unexpected response code: 502 @ https://billing.tridigitals.com/src/lib/stores/websocket.ts?t=1778165634682:89
[ 8654564ms] [ERROR] [WS] Error: Event @ https://billing.tridigitals.com/src/lib/stores/websocket.ts?t=1778165634682:108
[ 8657064ms] [ERROR] WebSocket connection to 'wss://api-isp-management.tridigitals.com/api/ws' failed: Error during WebSocket handshake: Unexpected response code: 502 @ https://billing.tridigitals.com/src/lib/stores/websocket.ts?t=1778165634682:89
[ 8657065ms] [ERROR] [WS] Error: Event @ https://billing.tridigitals.com/src/lib/stores/websocket.ts?t=1778165634682:108
[ 8659576ms] [ERROR] WebSocket connection to 'wss://api-isp-management.tridigitals.com/api/ws' failed: Error during WebSocket handshake: Unexpected response code: 502 @ https://billing.tridigitals.com/src/lib/stores/websocket.ts?t=1778165634682:89
[ 8659576ms] [ERROR] [WS] Error: Event @ https://billing.tridigitals.com/src/lib/stores/websocket.ts?t=1778165634682:108
[ 8662086ms] [ERROR] WebSocket connection to 'wss://api-isp-management.tridigitals.com/api/ws' failed: Error during WebSocket handshake: Unexpected response code: 502 @ https://billing.tridigitals.com/src/lib/stores/websocket.ts?t=1778165634682:89
[ 8662086ms] [ERROR] [WS] Error: Event @ https://billing.tridigitals.com/src/lib/stores/websocket.ts?t=1778165634682:108
[ 8664595ms] [ERROR] WebSocket connection to 'wss://api-isp-management.tridigitals.com/api/ws' failed: Error during WebSocket handshake: Unexpected response code: 502 @ https://billing.tridigitals.com/src/lib/stores/websocket.ts?t=1778165634682:89
[ 8664595ms] [ERROR] [WS] Error: Event @ https://billing.tridigitals.com/src/lib/stores/websocket.ts?t=1778165634682:108
[ 8667149ms] [ERROR] WebSocket connection to 'wss://api-isp-management.tridigitals.com/api/ws' failed: Error during WebSocket handshake: Unexpected response code: 502 @ https://billing.tridigitals.com/src/lib/stores/websocket.ts?t=1778165634682:89
[ 8667150ms] [ERROR] [WS] Error: Event @ https://billing.tridigitals.com/src/lib/stores/websocket.ts?t=1778165634682:108
[ 8670166ms] [ERROR] WebSocket connection to 'wss://api-isp-management.tridigitals.com/api/ws' failed: Error during WebSocket handshake: Unexpected response code: 502 @ https://billing.tridigitals.com/src/lib/stores/websocket.ts?t=1778165634682:89
[ 8670167ms] [ERROR] [WS] Error: Event @ https://billing.tridigitals.com/src/lib/stores/websocket.ts?t=1778165634682:108
[ 8672671ms] [ERROR] WebSocket connection to 'wss://api-isp-management.tridigitals.com/api/ws' failed: Error during WebSocket handshake: Unexpected response code: 502 @ https://billing.tridigitals.com/src/lib/stores/websocket.ts?t=1778165634682:89
[ 8672671ms] [ERROR] [WS] Error: Event @ https://billing.tridigitals.com/src/lib/stores/websocket.ts?t=1778165634682:108
[ 8676323ms] [ERROR] WebSocket connection to 'wss://api-isp-management.tridigitals.com/api/ws' failed: Error during WebSocket handshake: Unexpected response code: 502 @ https://billing.tridigitals.com/src/lib/stores/websocket.ts?t=1778165634682:89
[ 8676324ms] [ERROR] [WS] Error: Event @ https://billing.tridigitals.com/src/lib/stores/websocket.ts?t=1778165634682:108
[ 8681699ms] [ERROR] WebSocket connection to 'wss://api-isp-management.tridigitals.com/api/ws' failed: Error during WebSocket handshake: Unexpected response code: 502 @ https://billing.tridigitals.com/src/lib/stores/websocket.ts?t=1778165634682:89
[ 8681699ms] [ERROR] [WS] Error: Event @ https://billing.tridigitals.com/src/lib/stores/websocket.ts?t=1778165634682:108
[ 8685131ms] [ERROR] WebSocket connection to 'wss://api-isp-management.tridigitals.com/api/ws' failed: Error during WebSocket handshake: Unexpected response code: 502 @ https://billing.tridigitals.com/src/lib/stores/websocket.ts?t=1778165634682:89
[ 8685131ms] [ERROR] [WS] Error: Event @ https://billing.tridigitals.com/src/lib/stores/websocket.ts?t=1778165634682:108
[ 8689438ms] [ERROR] WebSocket connection to 'wss://api-isp-management.tridigitals.com/api/ws' failed: Error during WebSocket handshake: Unexpected response code: 502 @ https://billing.tridigitals.com/src/lib/stores/websocket.ts?t=1778165634682:89
[ 8689439ms] [ERROR] [WS] Error: Event @ https://billing.tridigitals.com/src/lib/stores/websocket.ts?t=1778165634682:108
[ 8692306ms] [ERROR] WebSocket connection to 'wss://api-isp-management.tridigitals.com/api/ws' failed: Error during WebSocket handshake: Unexpected response code: 502 @ https://billing.tridigitals.com/src/lib/stores/websocket.ts?t=1778165634682:89
[ 8692306ms] [ERROR] [WS] Error: Event @ https://billing.tridigitals.com/src/lib/stores/websocket.ts?t=1778165634682:108
[ 8694488ms] [ERROR] Access to fetch at 'https://api-isp-management.tridigitals.com/api/auth/validate' from origin 'https://billing.tridigitals.com' has been blocked by CORS policy: Response to preflight request doesn't pass access control check: No 'Access-Control-Allow-Origin' header is present on the requested resource. @ https://billing.tridigitals.com/admin/network/installations:0
[ 8694489ms] [ERROR] Failed to load resource: net::ERR_FAILED @ https://api-isp-management.tridigitals.com/api/auth/validate:0
[ 8694489ms] [ERROR] API Error (validate_token): TypeError: Failed to fetch
    at window.fetch (https://billing.tridigitals.com/node_modules/@sveltejs/kit/src/runtime/client/fetcher.js?v=a1ff02f4:66:10)
    at safeInvoke (https://billing.tridigitals.com/src/lib/api/core.ts:655:26)
    at Object.validateToken (https://billing.tridigitals.com/src/lib/api/auth.ts:8:29)
    at run (https://billing.tridigitals.com/src/lib/stores/auth.ts:208:32)
    at async Module.track_reactivity_loss (https://billing.tridigitals.com/node_modules/.vite/deps/chunk-EUQQR2VU.js?v=a1ff02f4:1642:15)
    at async keepSessionAliveIfActive (https://billing.tridigitals.com/src/routes/+layout.svelte?t=1778165634682:135:5) @ https://billing.tridigitals.com/src/lib/api/core.ts:726
[ 8698979ms] [ERROR] WebSocket connection to 'wss://api-isp-management.tridigitals.com/api/ws' failed: Error during WebSocket handshake: Unexpected response code: 502 @ https://billing.tridigitals.com/src/lib/stores/websocket.ts?t=1778165634682:89
[ 8698979ms] [ERROR] [WS] Error: Event @ https://billing.tridigitals.com/src/lib/stores/websocket.ts?t=1778165634682:108
[ 8704208ms] [ERROR] WebSocket connection to 'wss://api-isp-management.tridigitals.com/api/ws' failed: Error during WebSocket handshake: Unexpected response code: 502 @ https://billing.tridigitals.com/src/lib/stores/websocket.ts?t=1778165634682:89
[ 8704208ms] [ERROR] [WS] Error: Event @ https://billing.tridigitals.com/src/lib/stores/websocket.ts?t=1778165634682:108
[ 8708433ms] [ERROR] WebSocket connection to 'wss://api-isp-management.tridigitals.com/api/ws' failed: Error during WebSocket handshake: Unexpected response code: 502 @ https://billing.tridigitals.com/src/lib/stores/websocket.ts?t=1778165634682:89
[ 8708433ms] [ERROR] [WS] Error: Event @ https://billing.tridigitals.com/src/lib/stores/websocket.ts?t=1778165634682:108
[ 8713837ms] [ERROR] WebSocket connection to 'wss://api-isp-management.tridigitals.com/api/ws' failed: Error during WebSocket handshake: Unexpected response code: 502 @ https://billing.tridigitals.com/src/lib/stores/websocket.ts?t=1778165634682:89
[ 8713837ms] [ERROR] [WS] Error: Event @ https://billing.tridigitals.com/src/lib/stores/websocket.ts?t=1778165634682:108
[ 8715918ms] [ERROR] WebSocket connection to 'wss://api-isp-management.tridigitals.com/api/ws' failed: Error during WebSocket handshake: Unexpected response code: 502 @ https://billing.tridigitals.com/src/lib/stores/websocket.ts?t=1778165634682:89
[ 8715918ms] [ERROR] [WS] Error: Event @ https://billing.tridigitals.com/src/lib/stores/websocket.ts?t=1778165634682:108
[ 8719355ms] [ERROR] WebSocket connection to 'wss://api-isp-management.tridigitals.com/api/ws' failed: Error during WebSocket handshake: Unexpected response code: 502 @ https://billing.tridigitals.com/src/lib/stores/websocket.ts?t=1778165634682:89
[ 8719355ms] [ERROR] [WS] Error: Event @ https://billing.tridigitals.com/src/lib/stores/websocket.ts?t=1778165634682:108
[ 8724172ms] [ERROR] WebSocket connection to 'wss://api-isp-management.tridigitals.com/api/ws' failed: Error during WebSocket handshake: Unexpected response code: 502 @ https://billing.tridigitals.com/src/lib/stores/websocket.ts?t=1778165634682:89
[ 8724173ms] [ERROR] [WS] Error: Event @ https://billing.tridigitals.com/src/lib/stores/websocket.ts?t=1778165634682:108
[ 8729235ms] [ERROR] WebSocket connection to 'wss://api-isp-management.tridigitals.com/api/ws' failed: Error during WebSocket handshake: Unexpected response code: 502 @ https://billing.tridigitals.com/src/lib/stores/websocket.ts?t=1778165634682:89
[ 8729236ms] [ERROR] [WS] Error: Event @ https://billing.tridigitals.com/src/lib/stores/websocket.ts?t=1778165634682:108
[ 8731489ms] [ERROR] WebSocket connection to 'wss://api-isp-management.tridigitals.com/api/ws' failed: Error during WebSocket handshake: Unexpected response code: 502 @ https://billing.tridigitals.com/src/lib/stores/websocket.ts?t=1778165634682:89
[ 8731489ms] [ERROR] [WS] Error: Event @ https://billing.tridigitals.com/src/lib/stores/websocket.ts?t=1778165634682:108
[ 8733691ms] [ERROR] WebSocket connection to 'wss://api-isp-management.tridigitals.com/api/ws' failed: Error during WebSocket handshake: Unexpected response code: 502 @ https://billing.tridigitals.com/src/lib/stores/websocket.ts?t=1778165634682:89
[ 8733691ms] [ERROR] [WS] Error: Event @ https://billing.tridigitals.com/src/lib/stores/websocket.ts?t=1778165634682:108
[ 8737706ms] [ERROR] WebSocket connection to 'wss://api-isp-management.tridigitals.com/api/ws' failed: Error during WebSocket handshake: Unexpected response code: 502 @ https://billing.tridigitals.com/src/lib/stores/websocket.ts?t=1778165634682:89
[ 8737707ms] [ERROR] [WS] Error: Event @ https://billing.tridigitals.com/src/lib/stores/websocket.ts?t=1778165634682:108
[ 8743433ms] [ERROR] WebSocket connection to 'wss://api-isp-management.tridigitals.com/api/ws' failed: Error during WebSocket handshake: Unexpected response code: 502 @ https://billing.tridigitals.com/src/lib/stores/websocket.ts?t=1778165634682:89
[ 8743434ms] [ERROR] [WS] Error: Event @ https://billing.tridigitals.com/src/lib/stores/websocket.ts?t=1778165634682:108
[ 8749309ms] [ERROR] WebSocket connection to 'wss://api-isp-management.tridigitals.com/api/ws' failed: Error during WebSocket handshake: Unexpected response code: 502 @ https://billing.tridigitals.com/src/lib/stores/websocket.ts?t=1778165634682:89
[ 8749309ms] [ERROR] [WS] Error: Event @ https://billing.tridigitals.com/src/lib/stores/websocket.ts?t=1778165634682:108
[ 8751471ms] [ERROR] WebSocket connection to 'wss://api-isp-management.tridigitals.com/api/ws' failed: Error during WebSocket handshake: Unexpected response code: 502 @ https://billing.tridigitals.com/src/lib/stores/websocket.ts?t=1778165634682:89
[ 8751471ms] [ERROR] [WS] Error: Event @ https://billing.tridigitals.com/src/lib/stores/websocket.ts?t=1778165634682:108
[ 8754487ms] [ERROR] Access to fetch at 'https://api-isp-management.tridigitals.com/api/auth/validate' from origin 'https://billing.tridigitals.com' has been blocked by CORS policy: Response to preflight request doesn't pass access control check: No 'Access-Control-Allow-Origin' header is present on the requested resource. @ https://billing.tridigitals.com/admin/network/installations:0
[ 8754487ms] [ERROR] Failed to load resource: net::ERR_FAILED @ https://api-isp-management.tridigitals.com/api/auth/validate:0
[ 8754488ms] [ERROR] API Error (validate_token): TypeError: Failed to fetch
    at window.fetch (https://billing.tridigitals.com/node_modules/@sveltejs/kit/src/runtime/client/fetcher.js?v=a1ff02f4:66:10)
    at safeInvoke (https://billing.tridigitals.com/src/lib/api/core.ts:655:26)
    at Object.validateToken (https://billing.tridigitals.com/src/lib/api/auth.ts:8:29)
    at run (https://billing.tridigitals.com/src/lib/stores/auth.ts:208:32)
    at async Module.track_reactivity_loss (https://billing.tridigitals.com/node_modules/.vite/deps/chunk-EUQQR2VU.js?v=a1ff02f4:1642:15)
    at async keepSessionAliveIfActive (https://billing.tridigitals.com/src/routes/+layout.svelte?t=1778165634682:135:5) @ https://billing.tridigitals.com/src/lib/api/core.ts:726
[ 8756635ms] [ERROR] WebSocket connection to 'wss://api-isp-management.tridigitals.com/api/ws' failed: Error during WebSocket handshake: Unexpected response code: 502 @ https://billing.tridigitals.com/src/lib/stores/websocket.ts?t=1778165634682:89
[ 8756636ms] [ERROR] [WS] Error: Event @ https://billing.tridigitals.com/src/lib/stores/websocket.ts?t=1778165634682:108
[ 8761247ms] [ERROR] WebSocket connection to 'wss://api-isp-management.tridigitals.com/api/ws' failed: Error during WebSocket handshake: Unexpected response code: 502 @ https://billing.tridigitals.com/src/lib/stores/websocket.ts?t=1778165634682:89
[ 8761248ms] [ERROR] [WS] Error: Event @ https://billing.tridigitals.com/src/lib/stores/websocket.ts?t=1778165634682:108
[ 8766795ms] [ERROR] WebSocket connection to 'wss://api-isp-management.tridigitals.com/api/ws' failed: Error during WebSocket handshake: Unexpected response code: 502 @ https://billing.tridigitals.com/src/lib/stores/websocket.ts?t=1778165634682:89
[ 8766795ms] [ERROR] [WS] Error: Event @ https://billing.tridigitals.com/src/lib/stores/websocket.ts?t=1778165634682:108
[ 8769179ms] [ERROR] WebSocket connection to 'wss://api-isp-management.tridigitals.com/api/ws' failed: Error during WebSocket handshake: Unexpected response code: 502 @ https://billing.tridigitals.com/src/lib/stores/websocket.ts?t=1778165634682:89
[ 8769179ms] [ERROR] [WS] Error: Event @ https://billing.tridigitals.com/src/lib/stores/websocket.ts?t=1778165634682:108
[ 8772994ms] [ERROR] WebSocket connection to 'wss://api-isp-management.tridigitals.com/api/ws' failed: Error during WebSocket handshake: Unexpected response code: 502 @ https://billing.tridigitals.com/src/lib/stores/websocket.ts?t=1778165634682:89
[ 8772994ms] [ERROR] [WS] Error: Event @ https://billing.tridigitals.com/src/lib/stores/websocket.ts?t=1778165634682:108
[ 8775886ms] [ERROR] WebSocket connection to 'wss://api-isp-management.tridigitals.com/api/ws' failed: Error during WebSocket handshake: Unexpected response code: 502 @ https://billing.tridigitals.com/src/lib/stores/websocket.ts?t=1778165634682:89
[ 8775886ms] [ERROR] [WS] Error: Event @ https://billing.tridigitals.com/src/lib/stores/websocket.ts?t=1778165634682:108
[ 8779078ms] [ERROR] WebSocket connection to 'wss://api-isp-management.tridigitals.com/api/ws' failed: Error during WebSocket handshake: Unexpected response code: 502 @ https://billing.tridigitals.com/src/lib/stores/websocket.ts?t=1778165634682:89
[ 8779078ms] [ERROR] [WS] Error: Event @ https://billing.tridigitals.com/src/lib/stores/websocket.ts?t=1778165634682:108
[ 8783004ms] [ERROR] WebSocket connection to 'wss://api-isp-management.tridigitals.com/api/ws' failed: Error during WebSocket handshake: Unexpected response code: 502 @ https://billing.tridigitals.com/src/lib/stores/websocket.ts?t=1778165634682:89
[ 8783004ms] [ERROR] [WS] Error: Event @ https://billing.tridigitals.com/src/lib/stores/websocket.ts?t=1778165634682:108
[ 8788552ms] [ERROR] WebSocket connection to 'wss://api-isp-management.tridigitals.com/api/ws' failed: Error during WebSocket handshake: Unexpected response code: 502 @ https://billing.tridigitals.com/src/lib/stores/websocket.ts?t=1778165634682:89
[ 8788552ms] [ERROR] [WS] Error: Event @ https://billing.tridigitals.com/src/lib/stores/websocket.ts?t=1778165634682:108
[ 8794114ms] [ERROR] WebSocket connection to 'wss://api-isp-management.tridigitals.com/api/ws' failed: Error during WebSocket handshake: Unexpected response code: 502 @ https://billing.tridigitals.com/src/lib/stores/websocket.ts?t=1778165634682:89
[ 8794114ms] [ERROR] [WS] Error: Event @ https://billing.tridigitals.com/src/lib/stores/websocket.ts?t=1778165634682:108
[ 8797033ms] [ERROR] WebSocket connection to 'wss://api-isp-management.tridigitals.com/api/ws' failed: Error during WebSocket handshake: Unexpected response code: 502 @ https://billing.tridigitals.com/src/lib/stores/websocket.ts?t=1778165634682:89
[ 8797034ms] [ERROR] [WS] Error: Event @ https://billing.tridigitals.com/src/lib/stores/websocket.ts?t=1778165634682:108
[ 8799821ms] [ERROR] WebSocket connection to 'wss://api-isp-management.tridigitals.com/api/ws' failed: Error during WebSocket handshake: Unexpected response code: 502 @ https://billing.tridigitals.com/src/lib/stores/websocket.ts?t=1778165634682:89
[ 8799821ms] [ERROR] [WS] Error: Event @ https://billing.tridigitals.com/src/lib/stores/websocket.ts?t=1778165634682:108
[ 8804836ms] [ERROR] WebSocket connection to 'wss://api-isp-management.tridigitals.com/api/ws' failed: Error during WebSocket handshake: Unexpected response code: 502 @ https://billing.tridigitals.com/src/lib/stores/websocket.ts?t=1778165634682:89
[ 8804836ms] [ERROR] [WS] Error: Event @ https://billing.tridigitals.com/src/lib/stores/websocket.ts?t=1778165634682:108
[ 8811965ms] [ERROR] WebSocket connection to 'wss://api-isp-management.tridigitals.com/api/ws' failed: Error during WebSocket handshake: Unexpected response code: 502 @ https://billing.tridigitals.com/src/lib/stores/websocket.ts?t=1778165634682:89
[ 8811965ms] [ERROR] [WS] Error: Event @ https://billing.tridigitals.com/src/lib/stores/websocket.ts?t=1778165634682:108
[ 8813070ms] [ERROR] WebSocket connection to 'wss://api-isp-management.tridigitals.com/api/ws' failed: Error during WebSocket handshake: Unexpected response code: 502 @ https://billing.tridigitals.com/src/lib/stores/websocket.ts?t=1778165634682:89
[ 8813070ms] [ERROR] [WS] Error: Event @ https://billing.tridigitals.com/src/lib/stores/websocket.ts?t=1778165634682:108
[ 8814487ms] [ERROR] Access to fetch at 'https://api-isp-management.tridigitals.com/api/auth/validate' from origin 'https://billing.tridigitals.com' has been blocked by CORS policy: Response to preflight request doesn't pass access control check: No 'Access-Control-Allow-Origin' header is present on the requested resource. @ https://billing.tridigitals.com/admin/network/installations:0
[ 8814488ms] [ERROR] Failed to load resource: net::ERR_FAILED @ https://api-isp-management.tridigitals.com/api/auth/validate:0
[ 8814488ms] [ERROR] API Error (validate_token): TypeError: Failed to fetch
    at window.fetch (https://billing.tridigitals.com/node_modules/@sveltejs/kit/src/runtime/client/fetcher.js?v=a1ff02f4:66:10)
    at safeInvoke (https://billing.tridigitals.com/src/lib/api/core.ts:655:26)
    at Object.validateToken (https://billing.tridigitals.com/src/lib/api/auth.ts:8:29)
    at run (https://billing.tridigitals.com/src/lib/stores/auth.ts:208:32)
    at async Module.track_reactivity_loss (https://billing.tridigitals.com/node_modules/.vite/deps/chunk-EUQQR2VU.js?v=a1ff02f4:1642:15)
    at async keepSessionAliveIfActive (https://billing.tridigitals.com/src/routes/+layout.svelte?t=1778165634682:135:5) @ https://billing.tridigitals.com/src/lib/api/core.ts:726
[ 8818111ms] [ERROR] WebSocket connection to 'wss://api-isp-management.tridigitals.com/api/ws' failed: Error during WebSocket handshake: Unexpected response code: 502 @ https://billing.tridigitals.com/src/lib/stores/websocket.ts?t=1778165634682:89
[ 8818112ms] [ERROR] [WS] Error: Event @ https://billing.tridigitals.com/src/lib/stores/websocket.ts?t=1778165634682:108
[ 8824149ms] [ERROR] WebSocket connection to 'wss://api-isp-management.tridigitals.com/api/ws' failed: Error during WebSocket handshake: Unexpected response code: 502 @ https://billing.tridigitals.com/src/lib/stores/websocket.ts?t=1778165634682:89
[ 8824149ms] [ERROR] [WS] Error: Event @ https://billing.tridigitals.com/src/lib/stores/websocket.ts?t=1778165634682:108
[ 8827214ms] [ERROR] WebSocket connection to 'wss://api-isp-management.tridigitals.com/api/ws' failed: Error during WebSocket handshake: Unexpected response code: 502 @ https://billing.tridigitals.com/src/lib/stores/websocket.ts?t=1778165634682:89
[ 8827214ms] [ERROR] [WS] Error: Event @ https://billing.tridigitals.com/src/lib/stores/websocket.ts?t=1778165634682:108
[ 8832880ms] [ERROR] WebSocket connection to 'wss://api-isp-management.tridigitals.com/api/ws' failed: Error during WebSocket handshake: Unexpected response code: 502 @ https://billing.tridigitals.com/src/lib/stores/websocket.ts?t=1778165634682:89
[ 8832881ms] [ERROR] [WS] Error: Event @ https://billing.tridigitals.com/src/lib/stores/websocket.ts?t=1778165634682:108
[ 8836494ms] [ERROR] WebSocket connection to 'wss://api-isp-management.tridigitals.com/api/ws' failed: Error during WebSocket handshake: Unexpected response code: 502 @ https://billing.tridigitals.com/src/lib/stores/websocket.ts?t=1778165634682:89
[ 8836494ms] [ERROR] [WS] Error: Event @ https://billing.tridigitals.com/src/lib/stores/websocket.ts?t=1778165634682:108
[ 8838134ms] [ERROR] WebSocket connection to 'wss://api-isp-management.tridigitals.com/api/ws' failed: Error during WebSocket handshake: Unexpected response code: 502 @ https://billing.tridigitals.com/src/lib/stores/websocket.ts?t=1778165634682:89
[ 8838134ms] [ERROR] [WS] Error: Event @ https://billing.tridigitals.com/src/lib/stores/websocket.ts?t=1778165634682:108
[ 8842000ms] [ERROR] WebSocket connection to 'wss://api-isp-management.tridigitals.com/api/ws' failed: Error during WebSocket handshake: Unexpected response code: 502 @ https://billing.tridigitals.com/src/lib/stores/websocket.ts?t=1778165634682:89
[ 8842000ms] [ERROR] [WS] Error: Event @ https://billing.tridigitals.com/src/lib/stores/websocket.ts?t=1778165634682:108
[ 8846750ms] [ERROR] WebSocket connection to 'wss://api-isp-management.tridigitals.com/api/ws' failed: Error during WebSocket handshake: Unexpected response code: 502 @ https://billing.tridigitals.com/src/lib/stores/websocket.ts?t=1778165634682:89
[ 8846750ms] [ERROR] [WS] Error: Event @ https://billing.tridigitals.com/src/lib/stores/websocket.ts?t=1778165634682:108
[ 8850352ms] [ERROR] WebSocket connection to 'wss://api-isp-management.tridigitals.com/api/ws' failed: Error during WebSocket handshake: Unexpected response code: 502 @ https://billing.tridigitals.com/src/lib/stores/websocket.ts?t=1778165634682:89
[ 8850353ms] [ERROR] [WS] Error: Event @ https://billing.tridigitals.com/src/lib/stores/websocket.ts?t=1778165634682:108
[ 8855781ms] [ERROR] WebSocket connection to 'wss://api-isp-management.tridigitals.com/api/ws' failed: Error during WebSocket handshake: Unexpected response code: 502 @ https://billing.tridigitals.com/src/lib/stores/websocket.ts?t=1778165634682:89
[ 8855781ms] [ERROR] [WS] Error: Event @ https://billing.tridigitals.com/src/lib/stores/websocket.ts?t=1778165634682:108
[ 8860281ms] [ERROR] WebSocket connection to 'wss://api-isp-management.tridigitals.com/api/ws' failed: Error during WebSocket handshake: Unexpected response code: 502 @ https://billing.tridigitals.com/src/lib/stores/websocket.ts?t=1778165634682:89
[ 8860282ms] [ERROR] [WS] Error: Event @ https://billing.tridigitals.com/src/lib/stores/websocket.ts?t=1778165634682:108
[ 8866656ms] [ERROR] WebSocket connection to 'wss://api-isp-management.tridigitals.com/api/ws' failed: Error during WebSocket handshake: Unexpected response code: 502 @ https://billing.tridigitals.com/src/lib/stores/websocket.ts?t=1778165634682:89
[ 8866656ms] [ERROR] [WS] Error: Event @ https://billing.tridigitals.com/src/lib/stores/websocket.ts?t=1778165634682:108
[ 8872027ms] [ERROR] WebSocket connection to 'wss://api-isp-management.tridigitals.com/api/ws' failed: Error during WebSocket handshake: Unexpected response code: 502 @ https://billing.tridigitals.com/src/lib/stores/websocket.ts?t=1778165634682:89
[ 8872027ms] [ERROR] [WS] Error: Event @ https://billing.tridigitals.com/src/lib/stores/websocket.ts?t=1778165634682:108
[ 8874486ms] [ERROR] Access to fetch at 'https://api-isp-management.tridigitals.com/api/auth/validate' from origin 'https://billing.tridigitals.com' has been blocked by CORS policy: Response to preflight request doesn't pass access control check: No 'Access-Control-Allow-Origin' header is present on the requested resource. @ https://billing.tridigitals.com/admin/network/installations:0
[ 8874486ms] [ERROR] Failed to load resource: net::ERR_FAILED @ https://api-isp-management.tridigitals.com/api/auth/validate:0
[ 8874486ms] [ERROR] API Error (validate_token): TypeError: Failed to fetch
    at window.fetch (https://billing.tridigitals.com/node_modules/@sveltejs/kit/src/runtime/client/fetcher.js?v=a1ff02f4:66:10)
    at safeInvoke (https://billing.tridigitals.com/src/lib/api/core.ts:655:26)
    at Object.validateToken (https://billing.tridigitals.com/src/lib/api/auth.ts:8:29)
    at run (https://billing.tridigitals.com/src/lib/stores/auth.ts:208:32)
    at async Module.track_reactivity_loss (https://billing.tridigitals.com/node_modules/.vite/deps/chunk-EUQQR2VU.js?v=a1ff02f4:1642:15)
    at async keepSessionAliveIfActive (https://billing.tridigitals.com/src/routes/+layout.svelte?t=1778165634682:135:5) @ https://billing.tridigitals.com/src/lib/api/core.ts:726
[ 8874627ms] [ERROR] WebSocket connection to 'wss://api-isp-management.tridigitals.com/api/ws' failed: Error during WebSocket handshake: Unexpected response code: 502 @ https://billing.tridigitals.com/src/lib/stores/websocket.ts?t=1778165634682:89
[ 8874627ms] [ERROR] [WS] Error: Event @ https://billing.tridigitals.com/src/lib/stores/websocket.ts?t=1778165634682:108
[ 8879778ms] [ERROR] WebSocket connection to 'wss://api-isp-management.tridigitals.com/api/ws' failed: Error during WebSocket handshake: Unexpected response code: 502 @ https://billing.tridigitals.com/src/lib/stores/websocket.ts?t=1778165634682:89
[ 8879779ms] [ERROR] [WS] Error: Event @ https://billing.tridigitals.com/src/lib/stores/websocket.ts?t=1778165634682:108
[ 8884498ms] [ERROR] WebSocket connection to 'wss://api-isp-management.tridigitals.com/api/ws' failed: Error during WebSocket handshake: Unexpected response code: 502 @ https://billing.tridigitals.com/src/lib/stores/websocket.ts?t=1778165634682:89
[ 8884498ms] [ERROR] [WS] Error: Event @ https://billing.tridigitals.com/src/lib/stores/websocket.ts?t=1778165634682:108
[ 8886286ms] [ERROR] WebSocket connection to 'wss://api-isp-management.tridigitals.com/api/ws' failed: Error during WebSocket handshake: Unexpected response code: 502 @ https://billing.tridigitals.com/src/lib/stores/websocket.ts?t=1778165634682:89
[ 8886287ms] [ERROR] [WS] Error: Event @ https://billing.tridigitals.com/src/lib/stores/websocket.ts?t=1778165634682:108
[ 8888435ms] [ERROR] WebSocket connection to 'wss://api-isp-management.tridigitals.com/api/ws' failed: Error during WebSocket handshake: Unexpected response code: 502 @ https://billing.tridigitals.com/src/lib/stores/websocket.ts?t=1778165634682:89
[ 8888435ms] [ERROR] [WS] Error: Event @ https://billing.tridigitals.com/src/lib/stores/websocket.ts?t=1778165634682:108
[ 8891632ms] [ERROR] WebSocket connection to 'wss://api-isp-management.tridigitals.com/api/ws' failed: Error during WebSocket handshake: Unexpected response code: 502 @ https://billing.tridigitals.com/src/lib/stores/websocket.ts?t=1778165634682:89
[ 8891633ms] [ERROR] [WS] Error: Event @ https://billing.tridigitals.com/src/lib/stores/websocket.ts?t=1778165634682:108
[ 8896261ms] [ERROR] WebSocket connection to 'wss://api-isp-management.tridigitals.com/api/ws' failed: Error during WebSocket handshake: Unexpected response code: 502 @ https://billing.tridigitals.com/src/lib/stores/websocket.ts?t=1778165634682:89
[ 8896261ms] [ERROR] [WS] Error: Event @ https://billing.tridigitals.com/src/lib/stores/websocket.ts?t=1778165634682:108
[ 8900781ms] [ERROR] WebSocket connection to 'wss://api-isp-management.tridigitals.com/api/ws' failed: Error during WebSocket handshake: Unexpected response code: 502 @ https://billing.tridigitals.com/src/lib/stores/websocket.ts?t=1778165634682:89
[ 8900781ms] [ERROR] [WS] Error: Event @ https://billing.tridigitals.com/src/lib/stores/websocket.ts?t=1778165634682:108
[ 8906657ms] [ERROR] WebSocket connection to 'wss://api-isp-management.tridigitals.com/api/ws' failed: Error during WebSocket handshake: Unexpected response code: 502 @ https://billing.tridigitals.com/src/lib/stores/websocket.ts?t=1778165634682:89
[ 8906657ms] [ERROR] [WS] Error: Event @ https://billing.tridigitals.com/src/lib/stores/websocket.ts?t=1778165634682:108
[ 8908877ms] [ERROR] WebSocket connection to 'wss://api-isp-management.tridigitals.com/api/ws' failed: Error during WebSocket handshake: Unexpected response code: 502 @ https://billing.tridigitals.com/src/lib/stores/websocket.ts?t=1778165634682:89
[ 8908877ms] [ERROR] [WS] Error: Event @ https://billing.tridigitals.com/src/lib/stores/websocket.ts?t=1778165634682:108
[ 8914113ms] [ERROR] WebSocket connection to 'wss://api-isp-management.tridigitals.com/api/ws' failed: Error during WebSocket handshake: Unexpected response code: 502 @ https://billing.tridigitals.com/src/lib/stores/websocket.ts?t=1778165634682:89
[ 8914113ms] [ERROR] [WS] Error: Event @ https://billing.tridigitals.com/src/lib/stores/websocket.ts?t=1778165634682:108
[ 8918347ms] [ERROR] WebSocket connection to 'wss://api-isp-management.tridigitals.com/api/ws' failed: Error during WebSocket handshake: Unexpected response code: 502 @ https://billing.tridigitals.com/src/lib/stores/websocket.ts?t=1778165634682:89
[ 8918347ms] [ERROR] [WS] Error: Event @ https://billing.tridigitals.com/src/lib/stores/websocket.ts?t=1778165634682:108
[ 8921173ms] [ERROR] WebSocket connection to 'wss://api-isp-management.tridigitals.com/api/ws' failed: Error during WebSocket handshake: Unexpected response code: 502 @ https://billing.tridigitals.com/src/lib/stores/websocket.ts?t=1778165634682:89
[ 8921173ms] [ERROR] [WS] Error: Event @ https://billing.tridigitals.com/src/lib/stores/websocket.ts?t=1778165634682:108
[ 8923093ms] [ERROR] WebSocket connection to 'wss://api-isp-management.tridigitals.com/api/ws' failed: Error during WebSocket handshake: Unexpected response code: 502 @ https://billing.tridigitals.com/src/lib/stores/websocket.ts?t=1778165634682:89
[ 8923093ms] [ERROR] [WS] Error: Event @ https://billing.tridigitals.com/src/lib/stores/websocket.ts?t=1778165634682:108
[ 8926759ms] [ERROR] WebSocket connection to 'wss://api-isp-management.tridigitals.com/api/ws' failed: Error during WebSocket handshake: Unexpected response code: 502 @ https://billing.tridigitals.com/src/lib/stores/websocket.ts?t=1778165634682:89
[ 8926759ms] [ERROR] [WS] Error: Event @ https://billing.tridigitals.com/src/lib/stores/websocket.ts?t=1778165634682:108
[ 8930027ms] [ERROR] WebSocket connection to 'wss://api-isp-management.tridigitals.com/api/ws' failed: Error during WebSocket handshake: Unexpected response code: 502 @ https://billing.tridigitals.com/src/lib/stores/websocket.ts?t=1778165634682:89
[ 8930028ms] [ERROR] [WS] Error: Event @ https://billing.tridigitals.com/src/lib/stores/websocket.ts?t=1778165634682:108
[ 8934488ms] [ERROR] Access to fetch at 'https://api-isp-management.tridigitals.com/api/auth/validate' from origin 'https://billing.tridigitals.com' has been blocked by CORS policy: Response to preflight request doesn't pass access control check: No 'Access-Control-Allow-Origin' header is present on the requested resource. @ https://billing.tridigitals.com/admin/network/installations:0
[ 8934488ms] [ERROR] Failed to load resource: net::ERR_FAILED @ https://api-isp-management.tridigitals.com/api/auth/validate:0
[ 8934489ms] [ERROR] API Error (validate_token): TypeError: Failed to fetch
    at window.fetch (https://billing.tridigitals.com/node_modules/@sveltejs/kit/src/runtime/client/fetcher.js?v=a1ff02f4:66:10)
    at safeInvoke (https://billing.tridigitals.com/src/lib/api/core.ts:655:26)
    at Object.validateToken (https://billing.tridigitals.com/src/lib/api/auth.ts:8:29)
    at run (https://billing.tridigitals.com/src/lib/stores/auth.ts:208:32)
    at async Module.track_reactivity_loss (https://billing.tridigitals.com/node_modules/.vite/deps/chunk-EUQQR2VU.js?v=a1ff02f4:1642:15)
    at async keepSessionAliveIfActive (https://billing.tridigitals.com/src/routes/+layout.svelte?t=1778165634682:135:5) @ https://billing.tridigitals.com/src/lib/api/core.ts:726
[ 8935895ms] [ERROR] WebSocket connection to 'wss://api-isp-management.tridigitals.com/api/ws' failed: Error during WebSocket handshake: Unexpected response code: 502 @ https://billing.tridigitals.com/src/lib/stores/websocket.ts?t=1778165634682:89
[ 8935896ms] [ERROR] [WS] Error: Event @ https://billing.tridigitals.com/src/lib/stores/websocket.ts?t=1778165634682:108
[ 8939732ms] [ERROR] WebSocket connection to 'wss://api-isp-management.tridigitals.com/api/ws' failed: Error during WebSocket handshake: Unexpected response code: 502 @ https://billing.tridigitals.com/src/lib/stores/websocket.ts?t=1778165634682:89
[ 8939732ms] [ERROR] [WS] Error: Event @ https://billing.tridigitals.com/src/lib/stores/websocket.ts?t=1778165634682:108
[ 8946883ms] [ERROR] WebSocket connection to 'wss://api-isp-management.tridigitals.com/api/ws' failed: Error during WebSocket handshake: Unexpected response code: 502 @ https://billing.tridigitals.com/src/lib/stores/websocket.ts?t=1778165634682:89
[ 8946883ms] [ERROR] [WS] Error: Event @ https://billing.tridigitals.com/src/lib/stores/websocket.ts?t=1778165634682:108
[ 8950588ms] [ERROR] WebSocket connection to 'wss://api-isp-management.tridigitals.com/api/ws' failed: Error during WebSocket handshake: Unexpected response code: 502 @ https://billing.tridigitals.com/src/lib/stores/websocket.ts?t=1778165634682:89
[ 8950588ms] [ERROR] [WS] Error: Event @ https://billing.tridigitals.com/src/lib/stores/websocket.ts?t=1778165634682:108
[ 8956055ms] [ERROR] WebSocket connection to 'wss://api-isp-management.tridigitals.com/api/ws' failed: Error during WebSocket handshake: Unexpected response code: 502 @ https://billing.tridigitals.com/src/lib/stores/websocket.ts?t=1778165634682:89
[ 8956055ms] [ERROR] [WS] Error: Event @ https://billing.tridigitals.com/src/lib/stores/websocket.ts?t=1778165634682:108
[ 8961227ms] [ERROR] WebSocket connection to 'wss://api-isp-management.tridigitals.com/api/ws' failed: Error during WebSocket handshake: Unexpected response code: 502 @ https://billing.tridigitals.com/src/lib/stores/websocket.ts?t=1778165634682:89
[ 8961228ms] [ERROR] [WS] Error: Event @ https://billing.tridigitals.com/src/lib/stores/websocket.ts?t=1778165634682:108
[ 8964846ms] [ERROR] WebSocket connection to 'wss://api-isp-management.tridigitals.com/api/ws' failed: Error during WebSocket handshake: Unexpected response code: 502 @ https://billing.tridigitals.com/src/lib/stores/websocket.ts?t=1778165634682:89
[ 8964847ms] [ERROR] [WS] Error: Event @ https://billing.tridigitals.com/src/lib/stores/websocket.ts?t=1778165634682:108
[ 8970823ms] [ERROR] WebSocket connection to 'wss://api-isp-management.tridigitals.com/api/ws' failed: Error during WebSocket handshake: Unexpected response code: 502 @ https://billing.tridigitals.com/src/lib/stores/websocket.ts?t=1778165634682:89
[ 8970824ms] [ERROR] [WS] Error: Event @ https://billing.tridigitals.com/src/lib/stores/websocket.ts?t=1778165634682:108
[ 8975559ms] [ERROR] WebSocket connection to 'wss://api-isp-management.tridigitals.com/api/ws' failed: Error during WebSocket handshake: Unexpected response code: 502 @ https://billing.tridigitals.com/src/lib/stores/websocket.ts?t=1778165634682:89
[ 8975559ms] [ERROR] [WS] Error: Event @ https://billing.tridigitals.com/src/lib/stores/websocket.ts?t=1778165634682:108
[ 8979134ms] [ERROR] WebSocket connection to 'wss://api-isp-management.tridigitals.com/api/ws' failed: Error during WebSocket handshake: Unexpected response code: 502 @ https://billing.tridigitals.com/src/lib/stores/websocket.ts?t=1778165634682:89
[ 8979134ms] [ERROR] [WS] Error: Event @ https://billing.tridigitals.com/src/lib/stores/websocket.ts?t=1778165634682:108
[ 8983718ms] [ERROR] WebSocket connection to 'wss://api-isp-management.tridigitals.com/api/ws' failed: Error during WebSocket handshake: Unexpected response code: 502 @ https://billing.tridigitals.com/src/lib/stores/websocket.ts?t=1778165634682:89
[ 8983719ms] [ERROR] [WS] Error: Event @ https://billing.tridigitals.com/src/lib/stores/websocket.ts?t=1778165634682:108
[ 8985800ms] [ERROR] WebSocket connection to 'wss://api-isp-management.tridigitals.com/api/ws' failed: Error during WebSocket handshake: Unexpected response code: 502 @ https://billing.tridigitals.com/src/lib/stores/websocket.ts?t=1778165634682:89
[ 8985800ms] [ERROR] [WS] Error: Event @ https://billing.tridigitals.com/src/lib/stores/websocket.ts?t=1778165634682:108
[ 8991035ms] [ERROR] WebSocket connection to 'wss://api-isp-management.tridigitals.com/api/ws' failed: Error during WebSocket handshake: Unexpected response code: 502 @ https://billing.tridigitals.com/src/lib/stores/websocket.ts?t=1778165634682:89
[ 8991036ms] [ERROR] [WS] Error: Event @ https://billing.tridigitals.com/src/lib/stores/websocket.ts?t=1778165634682:108
[ 8994487ms] [ERROR] Access to fetch at 'https://api-isp-management.tridigitals.com/api/auth/validate' from origin 'https://billing.tridigitals.com' has been blocked by CORS policy: Response to preflight request doesn't pass access control check: No 'Access-Control-Allow-Origin' header is present on the requested resource. @ https://billing.tridigitals.com/admin/network/installations:0
[ 8994488ms] [ERROR] Failed to load resource: net::ERR_FAILED @ https://api-isp-management.tridigitals.com/api/auth/validate:0
[ 8994488ms] [ERROR] API Error (validate_token): TypeError: Failed to fetch
    at window.fetch (https://billing.tridigitals.com/node_modules/@sveltejs/kit/src/runtime/client/fetcher.js?v=a1ff02f4:66:10)
    at safeInvoke (https://billing.tridigitals.com/src/lib/api/core.ts:655:26)
    at Object.validateToken (https://billing.tridigitals.com/src/lib/api/auth.ts:8:29)
    at run (https://billing.tridigitals.com/src/lib/stores/auth.ts:208:32)
    at async Module.track_reactivity_loss (https://billing.tridigitals.com/node_modules/.vite/deps/chunk-EUQQR2VU.js?v=a1ff02f4:1642:15)
    at async keepSessionAliveIfActive (https://billing.tridigitals.com/src/routes/+layout.svelte?t=1778165634682:135:5) @ https://billing.tridigitals.com/src/lib/api/core.ts:726
[ 8995090ms] [ERROR] WebSocket connection to 'wss://api-isp-management.tridigitals.com/api/ws' failed: Error during WebSocket handshake: Unexpected response code: 502 @ https://billing.tridigitals.com/src/lib/stores/websocket.ts?t=1778165634682:89
[ 8995090ms] [ERROR] [WS] Error: Event @ https://billing.tridigitals.com/src/lib/stores/websocket.ts?t=1778165634682:108
[ 8999363ms] [ERROR] WebSocket connection to 'wss://api-isp-management.tridigitals.com/api/ws' failed: Error during WebSocket handshake: Unexpected response code: 502 @ https://billing.tridigitals.com/src/lib/stores/websocket.ts?t=1778165634682:89
[ 8999364ms] [ERROR] [WS] Error: Event @ https://billing.tridigitals.com/src/lib/stores/websocket.ts?t=1778165634682:108
[ 9002300ms] [WARNING] WebSocket connection to 'wss://api-isp-management.tridigitals.com/api/ws' failed: WebSocket is closed before the connection is established. @ https://billing.tridigitals.com/src/lib/stores/websocket.ts?t=1778165634682:306
[ 9002302ms] [ERROR] Access to fetch at 'https://api-isp-management.tridigitals.com/api/settings/logo' from origin 'https://billing.tridigitals.com' has been blocked by CORS policy: Response to preflight request doesn't pass access control check: No 'Access-Control-Allow-Origin' header is present on the requested resource. @ https://billing.tridigitals.com/admin/network/installations:0
[ 9002303ms] [ERROR] Failed to load resource: net::ERR_FAILED @ https://api-isp-management.tridigitals.com/api/settings/logo:0
[ 9002303ms] [ERROR] API Error (get_logo): TypeError: Failed to fetch
    at window.fetch (https://billing.tridigitals.com/node_modules/@sveltejs/kit/src/runtime/client/fetcher.js?v=a1ff02f4:66:10)
    at safeInvoke (https://billing.tridigitals.com/src/lib/api/core.ts?t=1778171874684:659:26)
    at Object.getLogo (https://billing.tridigitals.com/src/lib/api/settings.ts?t=1778171874684:11:23)
    at Object.refresh (https://billing.tridigitals.com/src/lib/stores/logo.ts?t=1778171874684:54:40)
    at https://billing.tridigitals.com/src/lib/stores/auth.ts?t=1778171874684:71:19 @ https://billing.tridigitals.com/src/lib/api/core.ts?t=1778171874684:730
[ 9002304ms] [ERROR] [LogoStore] Failed to load logo: TypeError: Failed to fetch
    at window.fetch (https://billing.tridigitals.com/node_modules/@sveltejs/kit/src/runtime/client/fetcher.js?v=a1ff02f4:66:10)
    at safeInvoke (https://billing.tridigitals.com/src/lib/api/core.ts?t=1778171874684:659:26)
    at Object.getLogo (https://billing.tridigitals.com/src/lib/api/settings.ts?t=1778171874684:11:23)
    at Object.refresh (https://billing.tridigitals.com/src/lib/stores/logo.ts?t=1778171874684:54:40)
    at https://billing.tridigitals.com/src/lib/stores/auth.ts?t=1778171874684:71:19 @ https://billing.tridigitals.com/src/lib/stores/logo.ts?t=1778171874684:61
[ 9002306ms] [ERROR] Access to fetch at 'https://api-isp-management.tridigitals.com/api/auth/settings' from origin 'https://billing.tridigitals.com' has been blocked by CORS policy: Response to preflight request doesn't pass access control check: No 'Access-Control-Allow-Origin' header is present on the requested resource. @ https://billing.tridigitals.com/admin/network/installations:0
[ 9002307ms] [ERROR] Failed to load resource: net::ERR_FAILED @ https://api-isp-management.tridigitals.com/api/auth/settings:0
[ 9002307ms] [ERROR] API Error (get_auth_settings): TypeError: Failed to fetch
    at window.fetch (https://billing.tridigitals.com/node_modules/@sveltejs/kit/src/runtime/client/fetcher.js?v=a1ff02f4:66:10)
    at safeInvoke (https://billing.tridigitals.com/src/lib/api/core.ts?t=1778171874684:659:26)
    at Object.getAuthSettings (https://billing.tridigitals.com/src/lib/api/settings.ts?t=1778171874684:5:26)
    at https://billing.tridigitals.com/src/lib/stores/settings.ts?t=1778171874684:44:23
    at loadSettings (https://billing.tridigitals.com/src/lib/stores/settings.ts?t=1778171874684:78:7)
    at Object.refresh (https://billing.tridigitals.com/src/lib/stores/settings.ts?t=1778171874684:89:13)
    at https://billing.tridigitals.com/src/lib/stores/auth.ts?t=1778171874684:72:23 @ https://billing.tridigitals.com/src/lib/api/core.ts?t=1778171874684:730
[ 9002308ms] [ERROR] Access to fetch at 'https://api-isp-management.tridigitals.com/api/settings/public' from origin 'https://billing.tridigitals.com' has been blocked by CORS policy: Response to preflight request doesn't pass access control check: No 'Access-Control-Allow-Origin' header is present on the requested resource. @ https://billing.tridigitals.com/admin/network/installations:0
[ 9002308ms] [ERROR] Failed to load resource: net::ERR_FAILED @ https://api-isp-management.tridigitals.com/api/settings/public:0
[ 9002308ms] [ERROR] API Error (get_public_settings): TypeError: Failed to fetch
    at window.fetch (https://billing.tridigitals.com/node_modules/@sveltejs/kit/src/runtime/client/fetcher.js?v=a1ff02f4:66:10)
    at safeInvoke (https://billing.tridigitals.com/src/lib/api/core.ts?t=1778171874684:659:26)
    at Object.getPublicSettings (https://billing.tridigitals.com/src/lib/api/settings.ts?t=1778171874684:4:28)
    at https://billing.tridigitals.com/src/lib/stores/settings.ts?t=1778171874684:45:23
    at loadSettings (https://billing.tridigitals.com/src/lib/stores/settings.ts?t=1778171874684:78:7)
    at Object.refresh (https://billing.tridigitals.com/src/lib/stores/settings.ts?t=1778171874684:89:13)
    at https://billing.tridigitals.com/src/lib/stores/auth.ts?t=1778171874684:72:23 @ https://billing.tridigitals.com/src/lib/api/core.ts?t=1778171874684:730
[ 9002309ms] [ERROR] Access to fetch at 'https://api-isp-management.tridigitals.com/api/version' from origin 'https://billing.tridigitals.com' has been blocked by CORS policy: Response to preflight request doesn't pass access control check: No 'Access-Control-Allow-Origin' header is present on the requested resource. @ https://billing.tridigitals.com/admin/network/installations:0
[ 9002309ms] [ERROR] Failed to load resource: net::ERR_FAILED @ https://api-isp-management.tridigitals.com/api/version:0
[ 9002309ms] [ERROR] API Error (get_app_version): TypeError: Failed to fetch
    at window.fetch (https://billing.tridigitals.com/node_modules/@sveltejs/kit/src/runtime/client/fetcher.js?v=a1ff02f4:66:10)
    at safeInvoke (https://billing.tridigitals.com/src/lib/api/core.ts?t=1778171874684:659:26)
    at Object.getAppVersion (https://billing.tridigitals.com/src/lib/api/settings.ts?t=1778171874684:16:23)
    at https://billing.tridigitals.com/src/lib/stores/settings.ts?t=1778171874684:47:23
    at loadSettings (https://billing.tridigitals.com/src/lib/stores/settings.ts?t=1778171874684:78:7)
    at Object.refresh (https://billing.tridigitals.com/src/lib/stores/settings.ts?t=1778171874684:89:13)
    at https://billing.tridigitals.com/src/lib/stores/auth.ts?t=1778171874684:72:23 @ https://billing.tridigitals.com/src/lib/api/core.ts?t=1778171874684:730
[ 9002311ms] [ERROR] [WS] Error: Event @ https://billing.tridigitals.com/src/lib/stores/websocket.ts?t=1778165634682:108
[ 9002326ms] [ERROR] Access to fetch at 'https://api-isp-management.tridigitals.com/api/auth/validate' from origin 'https://billing.tridigitals.com' has been blocked by CORS policy: Response to preflight request doesn't pass access control check: No 'Access-Control-Allow-Origin' header is present on the requested resource. @ https://billing.tridigitals.com/admin/network/installations:0
[ 9002326ms] [ERROR] Failed to load resource: net::ERR_FAILED @ https://api-isp-management.tridigitals.com/api/auth/validate:0
[ 9002326ms] [ERROR] API Error (validate_token): TypeError: Failed to fetch
    at window.fetch (https://billing.tridigitals.com/node_modules/@sveltejs/kit/src/runtime/client/fetcher.js?v=a1ff02f4:66:10)
    at safeInvoke (https://billing.tridigitals.com/src/lib/api/core.ts?t=1778171874684:659:26)
    at Object.validateToken (https://billing.tridigitals.com/src/lib/api/auth.ts?t=1778171874684:8:29)
    at run (https://billing.tridigitals.com/src/lib/stores/auth.ts?t=1778171874684:208:32)
    at async Promise.all (index 0)
    at async Module.track_reactivity_loss (https://billing.tridigitals.com/node_modules/.vite/deps/chunk-EUQQR2VU.js?v=a1ff02f4:1642:15)
    at async https://billing.tridigitals.com/src/routes/+layout.svelte?t=1778171874684:345:35 @ https://billing.tridigitals.com/src/lib/api/core.ts?t=1778171874684:730
[ 9002335ms] [ERROR] Access to fetch at 'https://api-isp-management.tridigitals.com/api/install/check' from origin 'https://billing.tridigitals.com' has been blocked by CORS policy: Response to preflight request doesn't pass access control check: No 'Access-Control-Allow-Origin' header is present on the requested resource. @ https://billing.tridigitals.com/admin/network/installations:0
[ 9002335ms] [ERROR] Failed to load resource: net::ERR_FAILED @ https://api-isp-management.tridigitals.com/api/install/check:0
[ 9002336ms] [ERROR] API Error (is_installed): TypeError: Failed to fetch
    at window.fetch (https://billing.tridigitals.com/node_modules/@sveltejs/kit/src/runtime/client/fetcher.js?v=a1ff02f4:66:10)
    at safeInvoke (https://billing.tridigitals.com/src/lib/api/core.ts?t=1778171874684:659:26)
    at Object.checkIsInstalled (https://billing.tridigitals.com/src/lib/api/install.ts?t=1778171874684:4:23)
    at checkInstallationStatus (https://billing.tridigitals.com/src/routes/+layout.svelte?t=1778171874684:282:18)
    at async Promise.all (index 1)
    at async Module.track_reactivity_loss (https://billing.tridigitals.com/node_modules/.vite/deps/chunk-EUQQR2VU.js?v=a1ff02f4:1642:15)
    at async https://billing.tridigitals.com/src/routes/+layout.svelte?t=1778171874684:345:35 @ https://billing.tridigitals.com/src/lib/api/core.ts?t=1778171874684:730
[ 9002337ms] [ERROR] Critical Error during app initialization in +layout.svelte: TypeError: Failed to fetch
    at window.fetch (https://billing.tridigitals.com/node_modules/@sveltejs/kit/src/runtime/client/fetcher.js?v=a1ff02f4:66:10)
    at safeInvoke (https://billing.tridigitals.com/src/lib/api/core.ts?t=1778171874684:659:26)
    at Object.checkIsInstalled (https://billing.tridigitals.com/src/lib/api/install.ts?t=1778171874684:4:23)
    at checkInstallationStatus (https://billing.tridigitals.com/src/routes/+layout.svelte?t=1778171874684:282:18)
    at async Promise.all (index 1)
    at async Module.track_reactivity_loss (https://billing.tridigitals.com/node_modules/.vite/deps/chunk-EUQQR2VU.js?v=a1ff02f4:1642:15)
    at async https://billing.tridigitals.com/src/routes/+layout.svelte?t=1778171874684:345:35 @ https://billing.tridigitals.com/src/routes/+layout.svelte?t=1778171874684:374
[ 9002400ms] [ERROR] Access to fetch at 'https://api-isp-management.tridigitals.com/api/notifications?page=1&per_page=20' from origin 'https://billing.tridigitals.com' has been blocked by CORS policy: Response to preflight request doesn't pass access control check: No 'Access-Control-Allow-Origin' header is present on the requested resource. @ https://billing.tridigitals.com/admin/network/installations:0
[ 9002401ms] [ERROR] Failed to load resource: net::ERR_FAILED @ https://api-isp-management.tridigitals.com/api/notifications?page=1&per_page=20:0
[ 9002401ms] [ERROR] API Error (list_notifications): TypeError: Failed to fetch
    at window.fetch (https://billing.tridigitals.com/node_modules/@sveltejs/kit/src/runtime/client/fetcher.js?v=a1ff02f4:66:10)
    at safeInvoke (https://billing.tridigitals.com/src/lib/api/core.ts?t=1778171874684:659:26)
    at Object.list (https://billing.tridigitals.com/src/lib/api/notifications.ts?t=1778171874684:3:28)
    at Object.loadNotifications (https://billing.tridigitals.com/src/lib/stores/notifications.ts?t=1778171874684:36:27)
    at https://billing.tridigitals.com/src/lib/bootstrap/rootRealtimeController.ts:19:23
    at async Module.track_reactivity_loss (https://billing.tridigitals.com/node_modules/.vite/deps/chunk-EUQQR2VU.js?v=a1ff02f4:1642:15)
    at async syncRealtimeConnections (https://billing.tridigitals.com/src/routes/+layout.svelte?t=1778171874684:270:4) @ https://billing.tridigitals.com/src/lib/api/core.ts?t=1778171874684:730
[ 9002402ms] [ERROR] Failed to load notifications: TypeError: Failed to fetch
    at window.fetch (https://billing.tridigitals.com/node_modules/@sveltejs/kit/src/runtime/client/fetcher.js?v=a1ff02f4:66:10)
    at safeInvoke (https://billing.tridigitals.com/src/lib/api/core.ts?t=1778171874684:659:26)
    at Object.list (https://billing.tridigitals.com/src/lib/api/notifications.ts?t=1778171874684:3:28)
    at Object.loadNotifications (https://billing.tridigitals.com/src/lib/stores/notifications.ts?t=1778171874684:36:27)
    at https://billing.tridigitals.com/src/lib/bootstrap/rootRealtimeController.ts:19:23
    at async Module.track_reactivity_loss (https://billing.tridigitals.com/node_modules/.vite/deps/chunk-EUQQR2VU.js?v=a1ff02f4:1642:15)
    at async syncRealtimeConnections (https://billing.tridigitals.com/src/routes/+layout.svelte?t=1778171874684:270:4) @ https://billing.tridigitals.com/src/lib/stores/notifications.ts?t=1778171874684:50
[ 9002417ms] [ERROR] Access to fetch at 'https://api-isp-management.tridigitals.com/api/announcements/active' from origin 'https://billing.tridigitals.com' has been blocked by CORS policy: Response to preflight request doesn't pass access control check: No 'Access-Control-Allow-Origin' header is present on the requested resource. @ https://billing.tridigitals.com/admin/network/installations:0
[ 9002418ms] [ERROR] Failed to load resource: net::ERR_FAILED @ https://api-isp-management.tridigitals.com/api/announcements/active:0
[ 9002418ms] [ERROR] API Error (list_active_announcements): TypeError: Failed to fetch
    at window.fetch (https://billing.tridigitals.com/node_modules/@sveltejs/kit/src/runtime/client/fetcher.js?v=a1ff02f4:66:10)
    at safeInvoke (https://billing.tridigitals.com/src/lib/api/core.ts?t=1778171874684:659:26)
    at Object.listActive (https://billing.tridigitals.com/src/lib/api/announcements.ts?t=1778171874684:3:21)
    at loadActiveAnnouncements (https://billing.tridigitals.com/src/lib/stores/announcements.ts?t=1778171874684:8:42)
    at https://billing.tridigitals.com/src/lib/components/layout/AnnouncementBanner.svelte?t=1778171874684:80:8
    at untrack (https://billing.tridigitals.com/node_modules/.vite/deps/chunk-EUQQR2VU.js?v=a1ff02f4:3830:12)
    at $effect (https://billing.tridigitals.com/node_modules/.vite/deps/chunk-JE4MGW45.js?v=a1ff02f4:4431:23)
    at update_reaction (https://billing.tridigitals.com/node_modules/.vite/deps/chunk-EUQQR2VU.js?v=a1ff02f4:3535:18)
    at update_effect (https://billing.tridigitals.com/node_modules/.vite/deps/chunk-EUQQR2VU.js?v=a1ff02f4:3673:21)
    at flush_queued_effects (https://billing.tridigitals.com/node_modules/.vite/deps/chunk-EUQQR2VU.js?v=a1ff02f4:2652:7) @ https://billing.tridigitals.com/src/lib/api/core.ts?t=1778171874684:730
[ 9002419ms] [WARNING] Failed to load announcements: TypeError: Failed to fetch
    at window.fetch (https://billing.tridigitals.com/node_modules/@sveltejs/kit/src/runtime/client/fetcher.js?v=a1ff02f4:66:10)
    at safeInvoke (https://billing.tridigitals.com/src/lib/api/core.ts?t=1778171874684:659:26)
    at Object.listActive (https://billing.tridigitals.com/src/lib/api/announcements.ts?t=1778171874684:3:21)
    at loadActiveAnnouncements (https://billing.tridigitals.com/src/lib/stores/announcements.ts?t=1778171874684:8:42)
    at https://billing.tridigitals.com/src/lib/components/layout/AnnouncementBanner.svelte?t=1778171874684:80:8
    at untrack (https://billing.tridigitals.com/node_modules/.vite/deps/chunk-EUQQR2VU.js?v=a1ff02f4:3830:12)
    at $effect (https://billing.tridigitals.com/node_modules/.vite/deps/chunk-JE4MGW45.js?v=a1ff02f4:4431:23)
    at update_reaction (https://billing.tridigitals.com/node_modules/.vite/deps/chunk-EUQQR2VU.js?v=a1ff02f4:3535:18)
    at update_effect (https://billing.tridigitals.com/node_modules/.vite/deps/chunk-EUQQR2VU.js?v=a1ff02f4:3673:21)
    at flush_queued_effects (https://billing.tridigitals.com/node_modules/.vite/deps/chunk-EUQQR2VU.js?v=a1ff02f4:2652:7) @ https://billing.tridigitals.com/node_modules/@sveltejs/kit/src/runtime/client/client.js?v=a1ff02f4:3208
[ 9002420ms] [ERROR] Access to fetch at 'https://api-isp-management.tridigitals.com/api/admin/work-orders?include_closed=false&limit=300' from origin 'https://billing.tridigitals.com' has been blocked by CORS policy: Response to preflight request doesn't pass access control check: No 'Access-Control-Allow-Origin' header is present on the requested resource. @ https://billing.tridigitals.com/admin/network/installations:0
[ 9002420ms] [ERROR] Failed to load resource: net::ERR_FAILED @ https://api-isp-management.tridigitals.com/api/admin/work-orders?include_closed=false&limit=300:0
[ 9002421ms] [ERROR] API Error (list_installation_work_orders): TypeError: Failed to fetch
    at window.fetch (https://billing.tridigitals.com/node_modules/@sveltejs/kit/src/runtime/client/fetcher.js?v=a1ff02f4:66:10)
    at safeInvoke (https://billing.tridigitals.com/src/lib/api/core.ts?t=1778171874684:659:26)
    at Object.list (https://billing.tridigitals.com/src/lib/api/workOrders.ts?t=1778171874684:3:21)
    at loadAll (https://billing.tridigitals.com/src/routes/(app)/admin/network/installations/+page.svelte?t=1778171874684:417:20)
    at https://billing.tridigitals.com/src/routes/(app)/admin/network/installations/+page.svelte?t=1778171874684:349:8
    at untrack (https://billing.tridigitals.com/node_modules/.vite/deps/chunk-EUQQR2VU.js?v=a1ff02f4:3830:12)
    at $effect (https://billing.tridigitals.com/node_modules/.vite/deps/chunk-JE4MGW45.js?v=a1ff02f4:4431:23)
    at update_reaction (https://billing.tridigitals.com/node_modules/.vite/deps/chunk-EUQQR2VU.js?v=a1ff02f4:3535:18)
    at update_effect (https://billing.tridigitals.com/node_modules/.vite/deps/chunk-EUQQR2VU.js?v=a1ff02f4:3673:21)
    at flush_queued_effects (https://billing.tridigitals.com/node_modules/.vite/deps/chunk-EUQQR2VU.js?v=a1ff02f4:2652:7) @ https://billing.tridigitals.com/src/lib/api/core.ts?t=1778171874684:730
[ 9002425ms] [ERROR] Access to fetch at 'https://api-isp-management.tridigitals.com/api/admin/work-orders/assignees' from origin 'https://billing.tridigitals.com' has been blocked by CORS policy: Response to preflight request doesn't pass access control check: No 'Access-Control-Allow-Origin' header is present on the requested resource. @ https://billing.tridigitals.com/admin/network/installations:0
[ 9002425ms] [ERROR] Failed to load resource: net::ERR_FAILED @ https://api-isp-management.tridigitals.com/api/admin/work-orders/assignees:0
[ 9002426ms] [ERROR] API Error (list_installation_assignees): TypeError: Failed to fetch
    at window.fetch (https://billing.tridigitals.com/node_modules/@sveltejs/kit/src/runtime/client/fetcher.js?v=a1ff02f4:66:10)
    at safeInvoke (https://billing.tridigitals.com/src/lib/api/core.ts?t=1778171874684:659:26)
    at Object.assignees (https://billing.tridigitals.com/src/lib/api/workOrders.ts?t=1778171874684:7:20)
    at loadAll (https://billing.tridigitals.com/src/routes/(app)/admin/network/installations/+page.svelte?t=1778171874684:419:23)
    at https://billing.tridigitals.com/src/routes/(app)/admin/network/installations/+page.svelte?t=1778171874684:349:8
    at untrack (https://billing.tridigitals.com/node_modules/.vite/deps/chunk-EUQQR2VU.js?v=a1ff02f4:3830:12)
    at $effect (https://billing.tridigitals.com/node_modules/.vite/deps/chunk-JE4MGW45.js?v=a1ff02f4:4431:23)
    at update_reaction (https://billing.tridigitals.com/node_modules/.vite/deps/chunk-EUQQR2VU.js?v=a1ff02f4:3535:18)
    at update_effect (https://billing.tridigitals.com/node_modules/.vite/deps/chunk-EUQQR2VU.js?v=a1ff02f4:3673:21)
    at flush_queued_effects (https://billing.tridigitals.com/node_modules/.vite/deps/chunk-EUQQR2VU.js?v=a1ff02f4:2652:7) @ https://billing.tridigitals.com/src/lib/api/core.ts?t=1778171874684:730
[ 9002428ms] [ERROR] Access to fetch at 'https://api-isp-management.tridigitals.com/api/notifications/unread-count' from origin 'https://billing.tridigitals.com' has been blocked by CORS policy: Response to preflight request doesn't pass access control check: No 'Access-Control-Allow-Origin' header is present on the requested resource. @ https://billing.tridigitals.com/admin/network/installations:0
[ 9002429ms] [ERROR] Failed to load resource: net::ERR_FAILED @ https://api-isp-management.tridigitals.com/api/notifications/unread-count:0
[ 9002429ms] [ERROR] API Error (get_unread_count): TypeError: Failed to fetch
    at window.fetch (https://billing.tridigitals.com/node_modules/@sveltejs/kit/src/runtime/client/fetcher.js?v=a1ff02f4:66:10)
    at safeInvoke (https://billing.tridigitals.com/src/lib/api/core.ts?t=1778171874684:659:26)
    at Object.getUnreadCount (https://billing.tridigitals.com/src/lib/api/notifications.ts?t=1778171874684:4:25)
    at Object.refreshUnreadCount (https://billing.tridigitals.com/src/lib/stores/notifications.ts?t=1778171874684:60:27)
    at https://billing.tridigitals.com/src/lib/bootstrap/rootRealtimeController.ts:20:17
    at async Module.track_reactivity_loss (https://billing.tridigitals.com/node_modules/.vite/deps/chunk-EUQQR2VU.js?v=a1ff02f4:1642:15)
    at async syncRealtimeConnections (https://billing.tridigitals.com/src/routes/+layout.svelte?t=1778171874684:270:4) @ https://billing.tridigitals.com/src/lib/api/core.ts?t=1778171874684:730
[ 9002430ms] [ERROR] Failed to get unread count: TypeError: Failed to fetch
    at window.fetch (https://billing.tridigitals.com/node_modules/@sveltejs/kit/src/runtime/client/fetcher.js?v=a1ff02f4:66:10)
    at safeInvoke (https://billing.tridigitals.com/src/lib/api/core.ts?t=1778171874684:659:26)
    at Object.getUnreadCount (https://billing.tridigitals.com/src/lib/api/notifications.ts?t=1778171874684:4:25)
    at Object.refreshUnreadCount (https://billing.tridigitals.com/src/lib/stores/notifications.ts?t=1778171874684:60:27)
    at https://billing.tridigitals.com/src/lib/bootstrap/rootRealtimeController.ts:20:17
    at async Module.track_reactivity_loss (https://billing.tridigitals.com/node_modules/.vite/deps/chunk-EUQQR2VU.js?v=a1ff02f4:1642:15)
    at async syncRealtimeConnections (https://billing.tridigitals.com/src/routes/+layout.svelte?t=1778171874684:270:4) @ https://billing.tridigitals.com/src/lib/stores/notifications.ts?t=1778171874684:65
[ 9006330ms] [ERROR] WebSocket connection to 'wss://api-isp-management.tridigitals.com/api/ws' failed: Error during WebSocket handshake: Unexpected response code: 502 @ https://billing.tridigitals.com/src/lib/stores/websocket.ts?t=1778165634682:89
[ 9006330ms] [ERROR] [WS] Error: Event @ https://billing.tridigitals.com/src/lib/stores/websocket.ts?t=1778165634682:108
[ 9006712ms] [ERROR] WebSocket connection to 'wss://api-isp-management.tridigitals.com/api/ws' failed: Error during WebSocket handshake: Unexpected response code: 502 @ https://billing.tridigitals.com/src/lib/stores/websocket.ts?t=1778171874684:89
[ 9006713ms] [ERROR] [WS] Error: Event @ https://billing.tridigitals.com/src/lib/stores/websocket.ts?t=1778171874684:108
[ 9014568ms] [ERROR] WebSocket connection to 'wss://api-isp-management.tridigitals.com/api/ws' failed: Error during WebSocket handshake: Unexpected response code: 502 @ https://billing.tridigitals.com/src/lib/stores/websocket.ts?t=1778171874684:89
[ 9014568ms] [ERROR] [WS] Error: Event @ https://billing.tridigitals.com/src/lib/stores/websocket.ts?t=1778171874684:108
[ 9020734ms] [ERROR] WebSocket connection to 'wss://api-isp-management.tridigitals.com/api/ws' failed: Error during WebSocket handshake: Unexpected response code: 502 @ https://billing.tridigitals.com/src/lib/stores/websocket.ts?t=1778165634682:89
[ 9020734ms] [ERROR] [WS] Error: Event @ https://billing.tridigitals.com/src/lib/stores/websocket.ts?t=1778165634682:108
[ 9022802ms] [ERROR] Access to fetch at 'https://api-isp-management.tridigitals.com/api/install/check' from origin 'https://billing.tridigitals.com' has been blocked by CORS policy: Response to preflight request doesn't pass access control check: No 'Access-Control-Allow-Origin' header is present on the requested resource. @ https://billing.tridigitals.com/admin/network/installations:0
[ 9022803ms] [ERROR] Failed to load resource: net::ERR_FAILED @ https://api-isp-management.tridigitals.com/api/install/check:0
[ 9022804ms] [ERROR] API Error (is_installed): TypeError: Failed to fetch
    at window.fetch (https://billing.tridigitals.com/node_modules/@sveltejs/kit/src/runtime/client/fetcher.js?v=a1ff02f4:66:10)
    at safeInvoke (https://billing.tridigitals.com/src/lib/api/core.ts?t=1778171874684:659:26)
    at Object.checkIsInstalled (https://billing.tridigitals.com/src/lib/api/install.ts?t=1778171874684:4:23)
    at checkInstallationStatus (https://billing.tridigitals.com/src/routes/+layout.svelte?t=1778171895788:282:18)
    at async Promise.all (index 1)
    at async Module.track_reactivity_loss (https://billing.tridigitals.com/node_modules/.vite/deps/chunk-EUQQR2VU.js?v=a1ff02f4:1642:15)
    at async https://billing.tridigitals.com/src/routes/+layout.svelte?t=1778171895788:345:35 @ https://billing.tridigitals.com/src/lib/api/core.ts?t=1778171874684:730
[ 9022804ms] [ERROR] Critical Error during app initialization in +layout.svelte: TypeError: Failed to fetch
    at window.fetch (https://billing.tridigitals.com/node_modules/@sveltejs/kit/src/runtime/client/fetcher.js?v=a1ff02f4:66:10)
    at safeInvoke (https://billing.tridigitals.com/src/lib/api/core.ts?t=1778171874684:659:26)
    at Object.checkIsInstalled (https://billing.tridigitals.com/src/lib/api/install.ts?t=1778171874684:4:23)
    at checkInstallationStatus (https://billing.tridigitals.com/src/routes/+layout.svelte?t=1778171895788:282:18)
    at async Promise.all (index 1)
    at async Module.track_reactivity_loss (https://billing.tridigitals.com/node_modules/.vite/deps/chunk-EUQQR2VU.js?v=a1ff02f4:1642:15)
    at async https://billing.tridigitals.com/src/routes/+layout.svelte?t=1778171895788:345:35 @ https://billing.tridigitals.com/src/routes/+layout.svelte?t=1778171895788:374
[ 9022846ms] [ERROR] Access to fetch at 'https://api-isp-management.tridigitals.com/api/announcements/active' from origin 'https://billing.tridigitals.com' has been blocked by CORS policy: Response to preflight request doesn't pass access control check: No 'Access-Control-Allow-Origin' header is present on the requested resource. @ https://billing.tridigitals.com/admin/network/installations:0
[ 9022847ms] [ERROR] Failed to load resource: net::ERR_FAILED @ https://api-isp-management.tridigitals.com/api/announcements/active:0
[ 9022848ms] [ERROR] API Error (list_active_announcements): TypeError: Failed to fetch
    at window.fetch (https://billing.tridigitals.com/node_modules/@sveltejs/kit/src/runtime/client/fetcher.js?v=a1ff02f4:66:10)
    at safeInvoke (https://billing.tridigitals.com/src/lib/api/core.ts?t=1778171874684:659:26)
    at Object.listActive (https://billing.tridigitals.com/src/lib/api/announcements.ts?t=1778171874684:3:21)
    at loadActiveAnnouncements (https://billing.tridigitals.com/src/lib/stores/announcements.ts?t=1778171874684:8:42)
    at https://billing.tridigitals.com/src/lib/components/layout/AnnouncementBanner.svelte?t=1778171874684:80:8
    at untrack (https://billing.tridigitals.com/node_modules/.vite/deps/chunk-EUQQR2VU.js?v=a1ff02f4:3830:12)
    at $effect (https://billing.tridigitals.com/node_modules/.vite/deps/chunk-JE4MGW45.js?v=a1ff02f4:4431:23)
    at update_reaction (https://billing.tridigitals.com/node_modules/.vite/deps/chunk-EUQQR2VU.js?v=a1ff02f4:3535:18)
    at update_effect (https://billing.tridigitals.com/node_modules/.vite/deps/chunk-EUQQR2VU.js?v=a1ff02f4:3673:21)
    at flush_queued_effects (https://billing.tridigitals.com/node_modules/.vite/deps/chunk-EUQQR2VU.js?v=a1ff02f4:2652:7) @ https://billing.tridigitals.com/src/lib/api/core.ts?t=1778171874684:730
[ 9022848ms] [WARNING] Failed to load announcements: TypeError: Failed to fetch
    at window.fetch (https://billing.tridigitals.com/node_modules/@sveltejs/kit/src/runtime/client/fetcher.js?v=a1ff02f4:66:10)
    at safeInvoke (https://billing.tridigitals.com/src/lib/api/core.ts?t=1778171874684:659:26)
    at Object.listActive (https://billing.tridigitals.com/src/lib/api/announcements.ts?t=1778171874684:3:21)
    at loadActiveAnnouncements (https://billing.tridigitals.com/src/lib/stores/announcements.ts?t=1778171874684:8:42)
    at https://billing.tridigitals.com/src/lib/components/layout/AnnouncementBanner.svelte?t=1778171874684:80:8
    at untrack (https://billing.tridigitals.com/node_modules/.vite/deps/chunk-EUQQR2VU.js?v=a1ff02f4:3830:12)
    at $effect (https://billing.tridigitals.com/node_modules/.vite/deps/chunk-JE4MGW45.js?v=a1ff02f4:4431:23)
    at update_reaction (https://billing.tridigitals.com/node_modules/.vite/deps/chunk-EUQQR2VU.js?v=a1ff02f4:3535:18)
    at update_effect (https://billing.tridigitals.com/node_modules/.vite/deps/chunk-EUQQR2VU.js?v=a1ff02f4:3673:21)
    at flush_queued_effects (https://billing.tridigitals.com/node_modules/.vite/deps/chunk-EUQQR2VU.js?v=a1ff02f4:2652:7) @ https://billing.tridigitals.com/node_modules/@sveltejs/kit/src/runtime/client/client.js?v=a1ff02f4:3208
[ 9022859ms] [ERROR] Access to fetch at 'https://api-isp-management.tridigitals.com/api/admin/work-orders?include_closed=false&limit=300' from origin 'https://billing.tridigitals.com' has been blocked by CORS policy: Response to preflight request doesn't pass access control check: No 'Access-Control-Allow-Origin' header is present on the requested resource. @ https://billing.tridigitals.com/admin/network/installations:0
[ 9022859ms] [ERROR] Failed to load resource: net::ERR_FAILED @ https://api-isp-management.tridigitals.com/api/admin/work-orders?include_closed=false&limit=300:0
[ 9022860ms] [ERROR] API Error (list_installation_work_orders): TypeError: Failed to fetch
    at window.fetch (https://billing.tridigitals.com/node_modules/@sveltejs/kit/src/runtime/client/fetcher.js?v=a1ff02f4:66:10)
    at safeInvoke (https://billing.tridigitals.com/src/lib/api/core.ts?t=1778171874684:659:26)
    at Object.list (https://billing.tridigitals.com/src/lib/api/workOrders.ts?t=1778171874684:3:21)
    at loadAll (https://billing.tridigitals.com/src/routes/(app)/admin/network/installations/+page.svelte?t=1778171895788:417:20)
    at https://billing.tridigitals.com/src/routes/(app)/admin/network/installations/+page.svelte?t=1778171895788:349:8
    at untrack (https://billing.tridigitals.com/node_modules/.vite/deps/chunk-EUQQR2VU.js?v=a1ff02f4:3830:12)
    at $effect (https://billing.tridigitals.com/node_modules/.vite/deps/chunk-JE4MGW45.js?v=a1ff02f4:4431:23)
    at update_reaction (https://billing.tridigitals.com/node_modules/.vite/deps/chunk-EUQQR2VU.js?v=a1ff02f4:3535:18)
    at update_effect (https://billing.tridigitals.com/node_modules/.vite/deps/chunk-EUQQR2VU.js?v=a1ff02f4:3673:21)
    at flush_queued_effects (https://billing.tridigitals.com/node_modules/.vite/deps/chunk-EUQQR2VU.js?v=a1ff02f4:2652:7) @ https://billing.tridigitals.com/src/lib/api/core.ts?t=1778171874684:730
[ 9022866ms] [ERROR] Access to fetch at 'https://api-isp-management.tridigitals.com/api/admin/work-orders/assignees' from origin 'https://billing.tridigitals.com' has been blocked by CORS policy: Response to preflight request doesn't pass access control check: No 'Access-Control-Allow-Origin' header is present on the requested resource. @ https://billing.tridigitals.com/admin/network/installations:0
[ 9022866ms] [ERROR] Failed to load resource: net::ERR_FAILED @ https://api-isp-management.tridigitals.com/api/admin/work-orders/assignees:0
[ 9022866ms] [ERROR] API Error (list_installation_assignees): TypeError: Failed to fetch
    at window.fetch (https://billing.tridigitals.com/node_modules/@sveltejs/kit/src/runtime/client/fetcher.js?v=a1ff02f4:66:10)
    at safeInvoke (https://billing.tridigitals.com/src/lib/api/core.ts?t=1778171874684:659:26)
    at Object.assignees (https://billing.tridigitals.com/src/lib/api/workOrders.ts?t=1778171874684:7:20)
    at loadAll (https://billing.tridigitals.com/src/routes/(app)/admin/network/installations/+page.svelte?t=1778171895788:419:23)
    at https://billing.tridigitals.com/src/routes/(app)/admin/network/installations/+page.svelte?t=1778171895788:349:8
    at untrack (https://billing.tridigitals.com/node_modules/.vite/deps/chunk-EUQQR2VU.js?v=a1ff02f4:3830:12)
    at $effect (https://billing.tridigitals.com/node_modules/.vite/deps/chunk-JE4MGW45.js?v=a1ff02f4:4431:23)
    at update_reaction (https://billing.tridigitals.com/node_modules/.vite/deps/chunk-EUQQR2VU.js?v=a1ff02f4:3535:18)
    at update_effect (https://billing.tridigitals.com/node_modules/.vite/deps/chunk-EUQQR2VU.js?v=a1ff02f4:3673:21)
    at flush_queued_effects (https://billing.tridigitals.com/node_modules/.vite/deps/chunk-EUQQR2VU.js?v=a1ff02f4:2652:7) @ https://billing.tridigitals.com/src/lib/api/core.ts?t=1778171874684:730
[ 9022891ms] [ERROR] Access to fetch at 'https://api-isp-management.tridigitals.com/api/notifications?page=1&per_page=20' from origin 'https://billing.tridigitals.com' has been blocked by CORS policy: Response to preflight request doesn't pass access control check: No 'Access-Control-Allow-Origin' header is present on the requested resource. @ https://billing.tridigitals.com/admin/network/installations:0
[ 9022891ms] [ERROR] Failed to load resource: net::ERR_FAILED @ https://api-isp-management.tridigitals.com/api/notifications?page=1&per_page=20:0
[ 9022892ms] [ERROR] API Error (list_notifications): TypeError: Failed to fetch
    at window.fetch (https://billing.tridigitals.com/node_modules/@sveltejs/kit/src/runtime/client/fetcher.js?v=a1ff02f4:66:10)
    at safeInvoke (https://billing.tridigitals.com/src/lib/api/core.ts?t=1778171874684:659:26)
    at Object.list (https://billing.tridigitals.com/src/lib/api/notifications.ts?t=1778171874684:3:28)
    at Object.loadNotifications (https://billing.tridigitals.com/src/lib/stores/notifications.ts?t=1778171895788:36:27)
    at https://billing.tridigitals.com/src/lib/bootstrap/rootRealtimeController.ts:19:23
    at async Module.track_reactivity_loss (https://billing.tridigitals.com/node_modules/.vite/deps/chunk-EUQQR2VU.js?v=a1ff02f4:1642:15)
    at async syncRealtimeConnections (https://billing.tridigitals.com/src/routes/+layout.svelte?t=1778171895788:270:4) @ https://billing.tridigitals.com/src/lib/api/core.ts?t=1778171874684:730
[ 9022892ms] [ERROR] Failed to load notifications: TypeError: Failed to fetch
    at window.fetch (https://billing.tridigitals.com/node_modules/@sveltejs/kit/src/runtime/client/fetcher.js?v=a1ff02f4:66:10)
    at safeInvoke (https://billing.tridigitals.com/src/lib/api/core.ts?t=1778171874684:659:26)
    at Object.list (https://billing.tridigitals.com/src/lib/api/notifications.ts?t=1778171874684:3:28)
    at Object.loadNotifications (https://billing.tridigitals.com/src/lib/stores/notifications.ts?t=1778171895788:36:27)
    at https://billing.tridigitals.com/src/lib/bootstrap/rootRealtimeController.ts:19:23
    at async Module.track_reactivity_loss (https://billing.tridigitals.com/node_modules/.vite/deps/chunk-EUQQR2VU.js?v=a1ff02f4:1642:15)
    at async syncRealtimeConnections (https://billing.tridigitals.com/src/routes/+layout.svelte?t=1778171895788:270:4) @ https://billing.tridigitals.com/src/lib/stores/notifications.ts?t=1778171895788:50
[ 9022909ms] [ERROR] Access to fetch at 'https://api-isp-management.tridigitals.com/api/notifications/unread-count' from origin 'https://billing.tridigitals.com' has been blocked by CORS policy: Response to preflight request doesn't pass access control check: No 'Access-Control-Allow-Origin' header is present on the requested resource. @ https://billing.tridigitals.com/admin/network/installations:0
[ 9022910ms] [ERROR] Failed to load resource: net::ERR_FAILED @ https://api-isp-management.tridigitals.com/api/notifications/unread-count:0
[ 9022910ms] [ERROR] API Error (get_unread_count): TypeError: Failed to fetch
    at window.fetch (https://billing.tridigitals.com/node_modules/@sveltejs/kit/src/runtime/client/fetcher.js?v=a1ff02f4:66:10)
    at safeInvoke (https://billing.tridigitals.com/src/lib/api/core.ts?t=1778171874684:659:26)
    at Object.getUnreadCount (https://billing.tridigitals.com/src/lib/api/notifications.ts?t=1778171874684:4:25)
    at Object.refreshUnreadCount (https://billing.tridigitals.com/src/lib/stores/notifications.ts?t=1778171895788:60:27)
    at https://billing.tridigitals.com/src/lib/bootstrap/rootRealtimeController.ts:20:17
    at async Module.track_reactivity_loss (https://billing.tridigitals.com/node_modules/.vite/deps/chunk-EUQQR2VU.js?v=a1ff02f4:1642:15)
    at async syncRealtimeConnections (https://billing.tridigitals.com/src/routes/+layout.svelte?t=1778171895788:270:4) @ https://billing.tridigitals.com/src/lib/api/core.ts?t=1778171874684:730
[ 9022911ms] [ERROR] Failed to get unread count: TypeError: Failed to fetch
    at window.fetch (https://billing.tridigitals.com/node_modules/@sveltejs/kit/src/runtime/client/fetcher.js?v=a1ff02f4:66:10)
    at safeInvoke (https://billing.tridigitals.com/src/lib/api/core.ts?t=1778171874684:659:26)
    at Object.getUnreadCount (https://billing.tridigitals.com/src/lib/api/notifications.ts?t=1778171874684:4:25)
    at Object.refreshUnreadCount (https://billing.tridigitals.com/src/lib/stores/notifications.ts?t=1778171895788:60:27)
    at https://billing.tridigitals.com/src/lib/bootstrap/rootRealtimeController.ts:20:17
    at async Module.track_reactivity_loss (https://billing.tridigitals.com/node_modules/.vite/deps/chunk-EUQQR2VU.js?v=a1ff02f4:1642:15)
    at async syncRealtimeConnections (https://billing.tridigitals.com/src/routes/+layout.svelte?t=1778171895788:270:4) @ https://billing.tridigitals.com/src/lib/stores/notifications.ts?t=1778171895788:65
[ 9025186ms] [ERROR] WebSocket connection to 'wss://api-isp-management.tridigitals.com/api/ws' failed: Error during WebSocket handshake: Unexpected response code: 502 @ https://billing.tridigitals.com/src/lib/stores/websocket.ts?t=1778171895788:89
[ 9025187ms] [ERROR] [WS] Error: Event @ https://billing.tridigitals.com/src/lib/stores/websocket.ts?t=1778171895788:108
[ 9032333ms] [ERROR] WebSocket connection to 'wss://api-isp-management.tridigitals.com/api/ws' failed: Error during WebSocket handshake: Unexpected response code: 502 @ https://billing.tridigitals.com/src/lib/stores/websocket.ts?t=1778171895788:89
[ 9032334ms] [ERROR] [WS] Error: Event @ https://billing.tridigitals.com/src/lib/stores/websocket.ts?t=1778171895788:108
[ 9052897ms] [ERROR] Access to fetch at 'https://api-isp-management.tridigitals.com/api/auth/validate' from origin 'https://billing.tridigitals.com' has been blocked by CORS policy: Response to preflight request doesn't pass access control check: No 'Access-Control-Allow-Origin' header is present on the requested resource. @ https://billing.tridigitals.com/admin/network/installations:0
[ 9052898ms] [ERROR] Failed to load resource: net::ERR_FAILED @ https://api-isp-management.tridigitals.com/api/auth/validate:0
[ 9052898ms] [ERROR] API Error (validate_token): TypeError: Failed to fetch
    at window.fetch (https://billing.tridigitals.com/node_modules/@sveltejs/kit/src/runtime/client/fetcher.js?v=a1ff02f4:66:10)
    at safeInvoke (https://billing.tridigitals.com/src/lib/api/core.ts?t=1778171874684:659:26)
    at Object.validateToken (https://billing.tridigitals.com/src/lib/api/auth.ts?t=1778171874684:8:29)
    at run (https://billing.tridigitals.com/src/lib/stores/auth.ts?t=1778171874684:208:32)
    at async Module.track_reactivity_loss (https://billing.tridigitals.com/node_modules/.vite/deps/chunk-EUQQR2VU.js?v=a1ff02f4:1642:15)
    at async keepSessionAliveIfActive (https://billing.tridigitals.com/src/routes/+layout.svelte?t=1778171895788:135:5) @ https://billing.tridigitals.com/src/lib/api/core.ts?t=1778171874684:730
[ 9053701ms] [ERROR] WebSocket connection to 'wss://api-isp-management.tridigitals.com/api/ws' failed: Error during WebSocket handshake: Unexpected response code: 502 @ https://billing.tridigitals.com/src/lib/stores/websocket.ts?t=1778171895788:89
[ 9053702ms] [ERROR] [WS] Error: Event @ https://billing.tridigitals.com/src/lib/stores/websocket.ts?t=1778171895788:108
[ 9053921ms] [ERROR] WebSocket connection to 'wss://api-isp-management.tridigitals.com/api/ws' failed: Error during WebSocket handshake: Unexpected response code: 502 @ https://billing.tridigitals.com/src/lib/stores/websocket.ts?t=1778165634682:89
[ 9053921ms] [ERROR] [WS] Error: Event @ https://billing.tridigitals.com/src/lib/stores/websocket.ts?t=1778165634682:108
[ 9086496ms] [ERROR] WebSocket connection to 'wss://api-isp-management.tridigitals.com/api/ws' failed: Error during WebSocket handshake: Unexpected response code: 502 @ https://billing.tridigitals.com/src/lib/stores/websocket.ts?t=1778165634682:89
[ 9086496ms] [ERROR] [WS] Error: Event @ https://billing.tridigitals.com/src/lib/stores/websocket.ts?t=1778165634682:108
[ 9087797ms] [ERROR] WebSocket connection to 'wss://api-isp-management.tridigitals.com/api/ws' failed: Error during WebSocket handshake: Unexpected response code: 502 @ https://billing.tridigitals.com/src/lib/stores/websocket.ts?t=1778171895788:89
[ 9087797ms] [ERROR] [WS] Error: Event @ https://billing.tridigitals.com/src/lib/stores/websocket.ts?t=1778171895788:108
[ 9112798ms] [ERROR] Access to fetch at 'https://api-isp-management.tridigitals.com/api/auth/validate' from origin 'https://billing.tridigitals.com' has been blocked by CORS policy: Response to preflight request doesn't pass access control check: No 'Access-Control-Allow-Origin' header is present on the requested resource. @ https://billing.tridigitals.com/admin/network/installations:0
[ 9112798ms] [ERROR] Failed to load resource: net::ERR_FAILED @ https://api-isp-management.tridigitals.com/api/auth/validate:0
[ 9112799ms] [ERROR] API Error (validate_token): TypeError: Failed to fetch
    at window.fetch (https://billing.tridigitals.com/node_modules/@sveltejs/kit/src/runtime/client/fetcher.js?v=a1ff02f4:66:10)
    at safeInvoke (https://billing.tridigitals.com/src/lib/api/core.ts?t=1778171874684:659:26)
    at Object.validateToken (https://billing.tridigitals.com/src/lib/api/auth.ts?t=1778171874684:8:29)
    at run (https://billing.tridigitals.com/src/lib/stores/auth.ts?t=1778171874684:208:32)
    at async Module.track_reactivity_loss (https://billing.tridigitals.com/node_modules/.vite/deps/chunk-EUQQR2VU.js?v=a1ff02f4:1642:15)
    at async keepSessionAliveIfActive (https://billing.tridigitals.com/src/routes/+layout.svelte?t=1778171895788:135:5) @ https://billing.tridigitals.com/src/lib/api/core.ts?t=1778171874684:730
[ 9120271ms] [ERROR] WebSocket connection to 'wss://api-isp-management.tridigitals.com/api/ws' failed: Error during WebSocket handshake: Unexpected response code: 502 @ https://billing.tridigitals.com/src/lib/stores/websocket.ts?t=1778165634682:89
[ 9120271ms] [ERROR] [WS] Error: Event @ https://billing.tridigitals.com/src/lib/stores/websocket.ts?t=1778165634682:108
[ 9122111ms] [ERROR] WebSocket connection to 'wss://api-isp-management.tridigitals.com/api/ws' failed: Error during WebSocket handshake: Unexpected response code: 502 @ https://billing.tridigitals.com/src/lib/stores/websocket.ts?t=1778171895788:89
[ 9122112ms] [ERROR] [WS] Error: Event @ https://billing.tridigitals.com/src/lib/stores/websocket.ts?t=1778171895788:108
[ 9151970ms] [ERROR] WebSocket connection to 'wss://api-isp-management.tridigitals.com/api/ws' failed: Error during WebSocket handshake: Unexpected response code: 502 @ https://billing.tridigitals.com/src/lib/stores/websocket.ts?t=1778165634682:89
[ 9151970ms] [ERROR] [WS] Error: Event @ https://billing.tridigitals.com/src/lib/stores/websocket.ts?t=1778165634682:108
[ 9154885ms] [ERROR] WebSocket connection to 'wss://api-isp-management.tridigitals.com/api/ws' failed: Error during WebSocket handshake: Unexpected response code: 502 @ https://billing.tridigitals.com/src/lib/stores/websocket.ts?t=1778171895788:89
[ 9154885ms] [ERROR] [WS] Error: Event @ https://billing.tridigitals.com/src/lib/stores/websocket.ts?t=1778171895788:108
[ 9172796ms] [ERROR] Access to fetch at 'https://api-isp-management.tridigitals.com/api/auth/validate' from origin 'https://billing.tridigitals.com' has been blocked by CORS policy: Response to preflight request doesn't pass access control check: No 'Access-Control-Allow-Origin' header is present on the requested resource. @ https://billing.tridigitals.com/admin/network/installations:0
[ 9172796ms] [ERROR] Failed to load resource: net::ERR_FAILED @ https://api-isp-management.tridigitals.com/api/auth/validate:0
[ 9172797ms] [ERROR] API Error (validate_token): TypeError: Failed to fetch
    at window.fetch (https://billing.tridigitals.com/node_modules/@sveltejs/kit/src/runtime/client/fetcher.js?v=a1ff02f4:66:10)
    at safeInvoke (https://billing.tridigitals.com/src/lib/api/core.ts?t=1778171874684:659:26)
    at Object.validateToken (https://billing.tridigitals.com/src/lib/api/auth.ts?t=1778171874684:8:29)
    at run (https://billing.tridigitals.com/src/lib/stores/auth.ts?t=1778171874684:208:32)
    at async Module.track_reactivity_loss (https://billing.tridigitals.com/node_modules/.vite/deps/chunk-EUQQR2VU.js?v=a1ff02f4:1642:15)
    at async keepSessionAliveIfActive (https://billing.tridigitals.com/src/routes/+layout.svelte?t=1778171895788:135:5) @ https://billing.tridigitals.com/src/lib/api/core.ts?t=1778171874684:730
